KBiosciences genotyping report,,,,,,,,,,,,,,,,,
LGC-Genomics,,,,,,,,,,,,,,,,,
Export version,1.3,,,,,,,,,,,,,,,,
Customer,Sorghum - CSU Colorado State University,,,,,,,,,,,,,,,,
Customer number,141,,,,,,,,,,,,,,,,
Project number,141.011,,,,,,,,,,,,,,,,
Master plate type,96,,,,,,,,,,,,,,,,
Order number,SE-24-1088 verification,,,,,,,,,,,,,,,,
View mode,auto / original data,,,,,,,,,,,,,,,,
Viewing,Please download SNPViewer to graphically view this file or to find out more about the syntax from https://www.biosearchtech.com/support/tools/genotyping-software/snpviewer,,,,,,,,,,,,,,,,
Editing,This file maybe graphically edited and re-called using LGC KlusterCaller software from https://www.biosearchtech.com/support/tools/genotyping-software/snpviewer,,,,,,,,,,,,,,,,
Title,SE-24-1088 verification,,,,,,,,,,,,,,,,
,,,,,,,,,,,,,,,,,
Statistics,,,,,,,,,,,,,,,,,
SNP,Plate,Y,Het,X,NTC,Unused,Missing,Bad,Polyploid Het1,Polyploid Het2,Polyploid Het3,Polyploid Het4,Allele Y%,Allele X%,X2,Allele Y,Allele X
snpSB00800,SE-24-1088_P01_d1,3,2,21,2,60,0,0,0,0,0,0,15.38,84.62,12.91,C,-
snpSB00800,SE-24-1088_P01_d2,3,4,21,2,58,0,0,0,0,0,0,17.86,82.14,7.37,C,-
snpSB00803,SE-24-1088_P01_d1,71,8,12,2,3,0,0,0,0,0,0,82.42,17.58,44.17,-,TA
snpSB00803,SE-24-1088_P01_d2,72,8,12,2,2,0,0,0,0,0,0,82.61,17.39,44.74,-,TA
snpSB00804,SE-24-1088_P01_d1,72,8,12,2,2,0,0,0,0,0,0,82.61,17.39,44.74,AC,-
snpSB00804,SE-24-1088_P01_d2,72,8,12,2,2,0,0,0,0,0,0,82.61,17.39,44.74,AC,-
snpSB00805,SE-24-1088_P01_d1,22,9,51,2,12,0,0,0,0,0,0,32.32,67.68,46.02,T,C
snpSB00805,SE-24-1088_P01_d2,21,8,48,2,16,0,0,0,0,0,0,32.47,67.53,44.84,T,C
,,,,,,,,,,,,,,,,,
DNA,,,,,,,,,,,,,,,,,
MasterPlate,Density,Barcode,,,,,,,,,,,,,,,
SE-24-1088_P01_d1,96,7347005,,,,,,,,,,,,,,,
SE-24-1088_P01_d2,96,7347006,,,,,,,,,,,,,,,
,,,,,,,,,,,,,,,,,
# Please note: AL1=AlleleY axis and AL2=AlleleX axis. Allele Y is defined before allele X in the following header;,,,,,,,,,,,,,,,,,
,,,,,,,,,,,,,,,,,
SNPs,,,,,,,,,,,,,,,,,
SNPID,SNPNum,AlleleY,AlleleX,Sequence,GenotypeClasses,,,,,,,,,,,,
snpSB00800,330756,C,-,BLANK[/],3 genotypes,,,,,,,,,,,,
snpSB00803,330759,-,TA,BLANK[/],3 genotypes,,,,,,,,,,,,
snpSB00804,330760,AC,-,BLANK[/],3 genotypes,,,,,,,,,,,,
snpSB00805,330761,T,C,BLANK[/],3 genotypes,,,,,,,,,,,,
,,,,,,,,,,,,,,,,,
Scaling,,,,,,,,,,,,,,,,,
DaughterPlate,SNPNum,Xmin,Xmax,Ymin,Ymax,Notes,Reader,,,,,,,,,,
S001112308,330756,0.48621,2.48429,0.22024,1.7,,1536-PHERA2,,,,,,,,,,
S001112308,330759,0.50197,2.60641,0.27003,1.54269,,1536-PHERA2,,,,,,,,,,
S001112308,330760,0.41699,2.72913,0.28748,1.63459,,1536-PHERA2,,,,,,,,,,
S001112308,330761,0.42691,2.58091,0.28308,1.50581,,1536-PHERA2,,,,,,,,,,
,,,,,,,,,,,,,,,,,
Data,,,,,,,,,,,,,,,,,
DaughterPlate,MasterPlate,MasterWell,Call,X,Y,SNPID,SubjectID,Norm,Carrier,DaughterWell,LongID,AliquotID,Group,,,,
S001112308,SE-24-1088_P01_d1,A01,C:-,2.25497,0.91709,snpSB00800,LB_0824_001_d1,,,A01,,,?,,,,
S001112308,SE-24-1088_P01_d1,B01,-:-,1.81009,0.37713,snpSB00800,LB_0824_002_d1,,,E01,,,?,,,,
S001112308,SE-24-1088_P01_d1,C01,-:-,1.75832,0.38494,snpSB00800,LB_0824_003_d1,,,I01,,,-:-,,,,
S001112308,SE-24-1088_P01_d1,D01,?,0.95874,0.33981,snpSB00800,LB_0824_004_d1,,,M01,,,?,,,,
S001112308,SE-24-1088_P01_d1,E01,?,0.75092,0.29654,snpSB00800,LB_0824_005_d1,,,Q01,,,?,,,,
S001112308,SE-24-1088_P01_d1,F01,?,0.68498,0.31044,snpSB00800,LB_0824_006_d1,,,U01,,,?,,,,
S001112308,SE-24-1088_P01_d1,G01,?,0.57391,0.28875,snpSB00800,LB_0824_007_d1,,,Y01,,,?,,,,
S001112308,SE-24-1088_P01_d1,H01,?,0.54188,0.29883,snpSB00800,LB_0824_008_d1,,,AC01,,,?,,,,
S001112308,SE-24-1088_P01_d1,A02,C:C,0.88383,1.48183,snpSB00800,LB_0824_009_d1,,,A05,,,?,,,,
S001112308,SE-24-1088_P01_d1,B02,-:-,1.95376,0.44548,snpSB00800,LB_0824_010_d1,,,E05,,,C:-,,,,
S001112308,SE-24-1088_P01_d1,C02,-:-,1.5905,0.39302,snpSB00800,LB_0824_011_d1,,,I05,,,?,,,,
S001112308,SE-24-1088_P01_d1,D02,?,1.00022,0.3089,snpSB00800,LB_0824_012_d1,,,M05,,,?,,,,
S001112308,SE-24-1088_P01_d1,E02,?,0.82724,0.33292,snpSB00800,LB_0824_013_d1,,,Q05,,,?,,,,
S001112308,SE-24-1088_P01_d1,F02,?,0.64635,0.31718,snpSB00800,LB_0824_014_d1,,,U05,,,?,,,,
S001112308,SE-24-1088_P01_d1,G02,?,0.59648,0.35346,snpSB00800,LB_0824_015_d1,,,Y05,,,?,,,,
S001112308,SE-24-1088_P01_d1,H02,?,0.54682,0.29834,snpSB00800,LB_0824_016_d1,,,AC05,,,?,,,,
S001112308,SE-24-1088_P01_d1,A03,C:C,0.80779,1.30539,snpSB00800,LB_0824_017_d1,,,A09,,,C:C,,,,
S001112308,SE-24-1088_P01_d1,B03,-:-,1.89352,0.4013,snpSB00800,LB_0824_018_d1,,,E09,,,?,,,,
S001112308,SE-24-1088_P01_d1,C03,?,0.64069,0.22024,snpSB00800,LB_0824_019_d1,,,I09,,,?,,,,
S001112308,SE-24-1088_P01_d1,D03,?,1.02783,0.33313,snpSB00800,LB_0824_020_d1,,,M09,,,?,,,,
S001112308,SE-24-1088_P01_d1,E03,?,0.59492,0.3053,snpSB00800,LB_0824_021_d1,,,Q09,,,C:C,,,,
S001112308,SE-24-1088_P01_d1,F03,?,0.6763,0.31273,snpSB00800,LB_0824_022_d1,,,U09,,,?,,,,
S001112308,SE-24-1088_P01_d1,G03,?,0.52192,0.28231,snpSB00800,LB_0824_023_d1,,,Y09,,,?,,,,
S001112308,SE-24-1088_P01_d1,H03,?,0.61271,0.28713,snpSB00800,LB_0824_024_d1,,,AC09,,,?,,,,
S001112308,SE-24-1088_P01_d1,A04,Uncallable,1.73223,0.67467,snpSB00800,LB_0824_025_d1,,,A13,,,?,,,,
S001112308,SE-24-1088_P01_d1,B04,-:-,1.88873,0.40874,snpSB00800,LB_0824_026_d1,,,E13,,,?,,,,
S001112308,SE-24-1088_P01_d1,C04,-:-,1.54137,0.35574,snpSB00800,LB_0824_027_d1,,,I13,,,-:-,,,,
S001112308,SE-24-1088_P01_d1,D04,?,0.90869,0.34209,snpSB00800,LB_0824_028_d1,,,M13,,,C:-,,,,
S001112308,SE-24-1088_P01_d1,E04,?,0.76401,0.31524,snpSB00800,LB_0824_029_d1,,,Q13,,,?,,,,
S001112308,SE-24-1088_P01_d1,F04,?,0.60911,0.3036,snpSB00800,LB_0824_030_d1,,,U13,,,?,,,,
S001112308,SE-24-1088_P01_d1,G04,?,0.58462,0.27308,snpSB00800,LB_0824_031_d1,,,Y13,,,?,,,,
S001112308,SE-24-1088_P01_d1,H04,?,0.58031,0.29744,snpSB00800,LB_0824_032_d1,,,AC13,,,C:-,,,,
S001112308,SE-24-1088_P01_d1,A05,C:-,1.928,0.86512,snpSB00800,LB_0824_033_d1,,,A17,,,C:-,,,,
S001112308,SE-24-1088_P01_d1,B05,-:-,2.03183,0.46004,snpSB00800,LB_0824_034_d1,,,E17,,,-:-,,,,
S001112308,SE-24-1088_P01_d1,C05,Uncallable,0.81121,0.62282,snpSB00800,LB_0824_035_d1,,,I17,,,C:C,,,,
S001112308,SE-24-1088_P01_d1,D05,?,0.92006,0.32186,snpSB00800,LB_0824_036_d1,,,M17,,,?,,,,
S001112308,SE-24-1088_P01_d1,E05,?,0.73254,0.29747,snpSB00800,LB_0824_037_d1,,,Q17,,,?,,,,
S001112308,SE-24-1088_P01_d1,F05,?,0.6714,0.32312,snpSB00800,LB_0824_038_d1,,,U17,,,?,,,,
S001112308,SE-24-1088_P01_d1,G05,?,0.54636,0.26448,snpSB00800,LB_0824_039_d1,,,Y17,,,-:-,,,,
S001112308,SE-24-1088_P01_d1,H05,?,0.60913,0.29067,snpSB00800,LB_0824_040_d1,,,AC17,,,?,,,,
S001112308,SE-24-1088_P01_d1,A06,Uncallable,2.19693,0.72211,snpSB00800,LB_0824_041_d1,,,A21,,,?,,,,
S001112308,SE-24-1088_P01_d1,B06,-:-,1.83806,0.39001,snpSB00800,LB_0824_042_d1,,,E21,,,?,,,,
S001112308,SE-24-1088_P01_d1,C06,-:-,1.34029,0.39802,snpSB00800,LB_0824_043_d1,,,I21,,,?,,,,
S001112308,SE-24-1088_P01_d1,D06,?,0.90366,0.30932,snpSB00800,LB_0824_044_d1,,,M21,,,?,,,,
S001112308,SE-24-1088_P01_d1,E06,?,0.58224,0.30921,snpSB00800,LB_0824_045_d1,,,Q21,,,C:C,,,,
S001112308,SE-24-1088_P01_d1,F06,?,0.65228,0.32584,snpSB00800,LB_0824_046_d1,,,U21,,,-:-,,,,
S001112308,SE-24-1088_P01_d1,G06,?,0.65619,0.33483,snpSB00800,LB_0824_047_d1,,,Y21,,,?,,,,
S001112308,SE-24-1088_P01_d1,H06,?,0.60245,0.32875,snpSB00800,LB_0824_048_d1,,,AC21,,,?,,,,
S001112308,SE-24-1088_P01_d1,A07,Uncallable,2.11791,0.63161,snpSB00800,LB_0824_049_d1,,,A25,,,?,,,,
S001112308,SE-24-1088_P01_d1,B07,-:-,2.03373,0.4712,snpSB00800,LB_0824_050_d1,,,E25,,,?,,,,
S001112308,SE-24-1088_P01_d1,C07,?,0.7664,0.52094,snpSB00800,LB_0824_051_d1,,,I25,,,C:C,,,,
S001112308,SE-24-1088_P01_d1,D07,?,0.87306,0.3444,snpSB00800,LB_0824_052_d1,,,M25,,,?,,,,
S001112308,SE-24-1088_P01_d1,E07,?,0.74001,0.31948,snpSB00800,LB_0824_053_d1,,,Q25,,,?,,,,
S001112308,SE-24-1088_P01_d1,F07,?,0.65092,0.29201,snpSB00800,LB_0824_054_d1,,,U25,,,?,,,,
S001112308,SE-24-1088_P01_d1,G07,?,0.57875,0.28557,snpSB00800,LB_0824_055_d1,,,Y25,,,?,,,,
S001112308,SE-24-1088_P01_d1,H07,?,0.55293,0.30547,snpSB00800,LB_0824_056_d1,,,AC25,,,C:C,,,,
S001112308,SE-24-1088_P01_d1,A08,Uncallable,2.14021,0.60186,snpSB00800,LB_0824_057_d1,,,A29,,,-:-,,,,
S001112308,SE-24-1088_P01_d1,B08,-:-,1.8827,0.39418,snpSB00800,LB_0824_058_d1,,,E29,,,?,,,,
S001112308,SE-24-1088_P01_d1,C08,-:-,1.3222,0.41326,snpSB00800,LB_0824_059_d1,,,I29,,,-:-,,,,
S001112308,SE-24-1088_P01_d1,D08,?,0.91258,0.38058,snpSB00800,LB_0824_060_d1,,,M29,,,C:C,,,,
S001112308,SE-24-1088_P01_d1,E08,?,0.7557,0.34833,snpSB00800,LB_0824_061_d1,,,Q29,,,C:C,,,,
S001112308,SE-24-1088_P01_d1,F08,?,0.67502,0.30159,snpSB00800,LB_0824_062_d1,,,U29,,,?,,,,
S001112308,SE-24-1088_P01_d1,G08,?,0.57612,0.30519,snpSB00800,LB_0824_063_d1,,,Y29,,,C:C,,,,
S001112308,SE-24-1088_P01_d1,H08,?,0.57072,0.28669,snpSB00800,LB_0824_064_d1,,,AC29,,,-:-,,,,
S001112308,SE-24-1088_P01_d1,A09,Uncallable,2.21666,0.71552,snpSB00800,LB_0824_065_d1,,,A33,,,?,,,,
S001112308,SE-24-1088_P01_d1,B09,-:-,2.27745,0.49968,snpSB00800,LB_0824_066_d1,,,E33,,,?,,,,
S001112308,SE-24-1088_P01_d1,C09,-:-,1.25588,0.36774,snpSB00800,LB_0824_067_d1,,,I33,,,?,,,,
S001112308,SE-24-1088_P01_d1,D09,?,0.86284,0.35012,snpSB00800,LB_0824_068_d1,,,M33,,,C:-,,,,
S001112308,SE-24-1088_P01_d1,E09,?,0.76138,0.3198,snpSB00800,LB_0824_069_d1,,,Q33,,,?,,,,
S001112308,SE-24-1088_P01_d1,F09,?,0.5939,0.27785,snpSB00800,LB_0824_070_d1,,,U33,,,?,,,,
S001112308,SE-24-1088_P01_d1,G09,?,0.62261,0.30112,snpSB00800,LB_0824_071_d1,,,Y33,,,-:-,,,,
S001112308,SE-24-1088_P01_d1,H09,?,0.55817,0.31062,snpSB00800,LB_0824_072_d1,,,AC33,,,?,,,,
S001112308,SE-24-1088_P01_d1,A10,C:C,0.63111,1.28541,snpSB00800,LB_0824_073_d1,,,A37,,,?,,,,
S001112308,SE-24-1088_P01_d1,B10,-:-,2.42346,0.54784,snpSB00800,LB_0824_074_d1,,,E37,,,C:-,,,,
S001112308,SE-24-1088_P01_d1,C10,-:-,1.1389,0.3643,snpSB00800,LB_0824_075_d1,,,I37,,,?,,,,
S001112308,SE-24-1088_P01_d1,D10,?,0.88114,0.3679,snpSB00800,LB_0824_076_d1,,,M37,,,?,,,,
S001112308,SE-24-1088_P01_d1,E10,?,0.56561,0.31459,snpSB00800,LB_0824_077_d1,,,Q37,,,C:C,,,,
S001112308,SE-24-1088_P01_d1,F10,?,0.61278,0.34066,snpSB00800,LB_0824_078_d1,,,U37,,,?,,,,
S001112308,SE-24-1088_P01_d1,G10,?,0.61731,0.30992,snpSB00800,LB_0824_079_d1,,,Y37,,,-:-,,,,
S001112308,SE-24-1088_P01_d1,H10,?,0.54722,0.28359,snpSB00800,LB_0824_080_d1,,,AC37,,,?,,,,
S001112308,SE-24-1088_P01_d1,A11,Uncallable,2.32255,0.58042,snpSB00800,LB_0824_081_d1,,,A41,,,?,,,,
S001112308,SE-24-1088_P01_d1,B11,-:-,2.29992,0.50079,snpSB00800,LB_0824_082_d1,,,E41,,,C:-,,,,
S001112308,SE-24-1088_P01_d1,C11,-:-,1.10919,0.37053,snpSB00800,LB_0824_083_d1,,,I41,,,?,,,,
S001112308,SE-24-1088_P01_d1,D11,?,0.7958,0.3383,snpSB00800,LB_0824_084_d1,,,M41,,,-:-,,,,
S001112308,SE-24-1088_P01_d1,E11,?,0.74199,0.31809,snpSB00800,LB_0824_085_d1,,,Q41,,,?,,,,
S001112308,SE-24-1088_P01_d1,F11,?,0.55832,0.29223,snpSB00800,LB_0824_086_d1,,,U41,,,?,,,,
S001112308,SE-24-1088_P01_d1,G11,?,0.50953,0.28932,snpSB00800,LB_0824_087_d1,,,Y41,,,C:C,,,,
S001112308,SE-24-1088_P01_d1,H11,NTC,0.57128,0.31987,snpSB00800,BLANK_d1,,,AC41,,,NTC,,,,
S001112308,SE-24-1088_P01_d1,A12,Uncallable,2.48429,0.63,snpSB00800,LB_0824_088_d1,,,A45,,,?,,,,
S001112308,SE-24-1088_P01_d1,B12,C:C,2.39767,0.52616,snpSB00800,LB_0824_089_d1,,,E45,,,C:-,,,,
S001112308,SE-24-1088_P01_d1,C12,-:-,1.17938,0.36331,snpSB00800,LB_0824_090_d1,,,I45,,,?,,,,
S001112308,SE-24-1088_P01_d1,D12,?,0.62102,0.38739,snpSB00800,LB_0824_091_d1,,,M45,,,?,,,,
S001112308,SE-24-1088_P01_d1,E12,?,0.55877,0.34522,snpSB00800,LB_0824_092_d1,,,Q45,,,C:C,,,,
S001112308,SE-24-1088_P01_d1,F12,?,0.60214,0.31156,snpSB00800,LB_0824_093_d1,,,U45,,,-:-,,,,
S001112308,SE-24-1088_P01_d1,G12,?,0.52742,0.30169,snpSB00800,LB_0824_094_d1,,,Y45,,,?,,,,
S001112308,SE-24-1088_P01_d1,H12,NTC,0.56316,0.28667,snpSB00800,BLANK_d1,,,AC45,,,NTC,,,,
S001112308,SE-24-1088_P01_d2,A01,C:-,2.06562,0.99913,snpSB00800,LB_0824_001_d2,,,A03,,,?,,,,
S001112308,SE-24-1088_P01_d2,B01,-:-,1.94666,0.45857,snpSB00800,LB_0824_002_d2,,,E03,,,?,,,,
S001112308,SE-24-1088_P01_d2,C01,-:-,1.78797,0.42049,snpSB00800,LB_0824_003_d2,,,I03,,,-:-,,,,
S001112308,SE-24-1088_P01_d2,D01,?,1.02489,0.31096,snpSB00800,LB_0824_004_d2,,,M03,,,?,,,,
S001112308,SE-24-1088_P01_d2,E01,?,0.80749,0.32291,snpSB00800,LB_0824_005_d2,,,Q03,,,?,,,,
S001112308,SE-24-1088_P01_d2,F01,?,0.59886,0.27732,snpSB00800,LB_0824_006_d2,,,U03,,,?,,,,
S001112308,SE-24-1088_P01_d2,G01,?,0.59458,0.31925,snpSB00800,LB_0824_007_d2,,,Y03,,,?,,,,
S001112308,SE-24-1088_P01_d2,H01,?,0.54466,0.27871,snpSB00800,LB_0824_008_d2,,,AC03,,,?,,,,
S001112308,SE-24-1088_P01_d2,A02,C:C,0.88239,1.45468,snpSB00800,LB_0824_009_d2,,,A07,,,?,,,,
S001112308,SE-24-1088_P01_d2,B02,-:-,1.85832,0.4221,snpSB00800,LB_0824_010_d2,,,E07,,,C:-,,,,
S001112308,SE-24-1088_P01_d2,C02,-:-,1.65405,0.38456,snpSB00800,LB_0824_011_d2,,,I07,,,?,,,,
S001112308,SE-24-1088_P01_d2,D02,-:-,1.14642,0.34614,snpSB00800,LB_0824_012_d2,,,M07,,,?,,,,
S001112308,SE-24-1088_P01_d2,E02,?,0.8056,0.35008,snpSB00800,LB_0824_013_d2,,,Q07,,,?,,,,
S001112308,SE-24-1088_P01_d2,F02,?,0.60195,0.30759,snpSB00800,LB_0824_014_d2,,,U07,,,?,,,,
S001112308,SE-24-1088_P01_d2,G02,?,0.55495,0.28592,snpSB00800,LB_0824_015_d2,,,Y07,,,?,,,,
S001112308,SE-24-1088_P01_d2,H02,?,0.58009,0.28634,snpSB00800,LB_0824_016_d2,,,AC07,,,?,,,,
S001112308,SE-24-1088_P01_d2,A03,C:C,0.8491,1.40882,snpSB00800,LB_0824_017_d2,,,A11,,,C:C,,,,
S001112308,SE-24-1088_P01_d2,B03,-:-,1.76185,0.40258,snpSB00800,LB_0824_018_d2,,,E11,,,?,,,,
S001112308,SE-24-1088_P01_d2,C03,-:-,1.46576,0.37996,snpSB00800,LB_0824_019_d2,,,I11,,,?,,,,
S001112308,SE-24-1088_P01_d2,D03,?,0.97216,0.3619,snpSB00800,LB_0824_020_d2,,,M11,,,?,,,,
S001112308,SE-24-1088_P01_d2,E03,?,0.54922,0.28045,snpSB00800,LB_0824_021_d2,,,Q11,,,C:C,,,,
S001112308,SE-24-1088_P01_d2,F03,?,0.62159,0.32898,snpSB00800,LB_0824_022_d2,,,U11,,,?,,,,
S001112308,SE-24-1088_P01_d2,G03,?,0.5623,0.30781,snpSB00800,LB_0824_023_d2,,,Y11,,,?,,,,
S001112308,SE-24-1088_P01_d2,H03,?,0.55732,0.29227,snpSB00800,LB_0824_024_d2,,,AC11,,,?,,,,
S001112308,SE-24-1088_P01_d2,A04,C:-,1.99574,1.0013,snpSB00800,LB_0824_025_d2,,,A15,,,?,,,,
S001112308,SE-24-1088_P01_d2,B04,-:-,1.8931,0.43679,snpSB00800,LB_0824_026_d2,,,E15,,,?,,,,
S001112308,SE-24-1088_P01_d2,C04,-:-,1.4221,0.35036,snpSB00800,LB_0824_027_d2,,,I15,,,-:-,,,,
S001112308,SE-24-1088_P01_d2,D04,?,0.95433,0.31435,snpSB00800,LB_0824_028_d2,,,M15,,,C:-,,,,
S001112308,SE-24-1088_P01_d2,E04,?,0.71634,0.35402,snpSB00800,LB_0824_029_d2,,,Q15,,,?,,,,
S001112308,SE-24-1088_P01_d2,F04,?,0.55851,0.27767,snpSB00800,LB_0824_030_d2,,,U15,,,?,,,,
S001112308,SE-24-1088_P01_d2,G04,?,0.56024,0.30263,snpSB00800,LB_0824_031_d2,,,Y15,,,?,,,,
S001112308,SE-24-1088_P01_d2,H04,?,0.56965,0.2824,snpSB00800,LB_0824_032_d2,,,AC15,,,C:-,,,,
S001112308,SE-24-1088_P01_d2,A05,C:-,1.80173,0.99198,snpSB00800,LB_0824_033_d2,,,A19,,,C:-,,,,
S001112308,SE-24-1088_P01_d2,B05,-:-,2.02384,0.44884,snpSB00800,LB_0824_034_d2,,,E19,,,-:-,,,,
S001112308,SE-24-1088_P01_d2,C05,Uncallable,0.52412,0.68563,snpSB00800,LB_0824_035_d2,,,I19,,,C:C,,,,
S001112308,SE-24-1088_P01_d2,D05,?,0.92489,0.34951,snpSB00800,LB_0824_036_d2,,,M19,,,?,,,,
S001112308,SE-24-1088_P01_d2,E05,?,0.72107,0.30952,snpSB00800,LB_0824_037_d2,,,Q19,,,?,,,,
S001112308,SE-24-1088_P01_d2,F05,?,0.58241,0.29538,snpSB00800,LB_0824_038_d2,,,U19,,,?,,,,
S001112308,SE-24-1088_P01_d2,G05,?,0.55546,0.28987,snpSB00800,LB_0824_039_d2,,,Y19,,,-:-,,,,
S001112308,SE-24-1088_P01_d2,H05,?,0.56348,0.29881,snpSB00800,LB_0824_040_d2,,,AC19,,,?,,,,
S001112308,SE-24-1088_P01_d2,A06,C:-,2.26558,0.93458,snpSB00800,LB_0824_041_d2,,,A23,,,?,,,,
S001112308,SE-24-1088_P01_d2,B06,-:-,1.9884,0.46392,snpSB00800,LB_0824_042_d2,,,E23,,,?,,,,
S001112308,SE-24-1088_P01_d2,C06,-:-,1.32845,0.37925,snpSB00800,LB_0824_043_d2,,,I23,,,?,,,,
S001112308,SE-24-1088_P01_d2,D06,?,0.83195,0.32373,snpSB00800,LB_0824_044_d2,,,M23,,,?,,,,
S001112308,SE-24-1088_P01_d2,E06,?,0.56813,0.29135,snpSB00800,LB_0824_045_d2,,,Q23,,,C:C,,,,
S001112308,SE-24-1088_P01_d2,F06,?,0.65527,0.31368,snpSB00800,LB_0824_046_d2,,,U23,,,-:-,,,,
S001112308,SE-24-1088_P01_d2,G06,?,0.54568,0.25746,snpSB00800,LB_0824_047_d2,,,Y23,,,?,,,,
S001112308,SE-24-1088_P01_d2,H06,?,0.51226,0.31641,snpSB00800,LB_0824_048_d2,,,AC23,,,?,,,,
S001112308,SE-24-1088_P01_d2,A07,Uncallable,2.05925,0.77264,snpSB00800,LB_0824_049_d2,,,A27,,,?,,,,
S001112308,SE-24-1088_P01_d2,B07,-:-,2.03074,0.46838,snpSB00800,LB_0824_050_d2,,,E27,,,?,,,,
S001112308,SE-24-1088_P01_d2,C07,?,0.51448,0.58145,snpSB00800,LB_0824_051_d2,,,I27,,,C:C,,,,
S001112308,SE-24-1088_P01_d2,D07,?,0.89719,0.32808,snpSB00800,LB_0824_052_d2,,,M27,,,?,,,,
S001112308,SE-24-1088_P01_d2,E07,?,0.66917,0.31455,snpSB00800,LB_0824_053_d2,,,Q27,,,?,,,,
S001112308,SE-24-1088_P01_d2,F07,?,0.62348,0.31798,snpSB00800,LB_0824_054_d2,,,U27,,,?,,,,
S001112308,SE-24-1088_P01_d2,G07,?,0.52109,0.29464,snpSB00800,LB_0824_055_d2,,,Y27,,,?,,,,
S001112308,SE-24-1088_P01_d2,H07,?,0.5276,0.28504,snpSB00800,LB_0824_056_d2,,,AC27,,,C:C,,,,
S001112308,SE-24-1088_P01_d2,A08,Uncallable,2.10406,0.7158,snpSB00800,LB_0824_057_d2,,,A31,,,-:-,,,,
S001112308,SE-24-1088_P01_d2,B08,-:-,2.10181,0.49639,snpSB00800,LB_0824_058_d2,,,E31,,,?,,,,
S001112308,SE-24-1088_P01_d2,C08,-:-,1.25526,0.37816,snpSB00800,LB_0824_059_d2,,,I31,,,-:-,,,,
S001112308,SE-24-1088_P01_d2,D08,?,0.83413,0.33365,snpSB00800,LB_0824_060_d2,,,M31,,,C:C,,,,
S001112308,SE-24-1088_P01_d2,E08,?,0.72176,0.29286,snpSB00800,LB_0824_061_d2,,,Q31,,,C:C,,,,
S001112308,SE-24-1088_P01_d2,F08,?,0.53722,0.30205,snpSB00800,LB_0824_062_d2,,,U31,,,?,,,,
S001112308,SE-24-1088_P01_d2,G08,?,0.5908,0.30369,snpSB00800,LB_0824_063_d2,,,Y31,,,C:C,,,,
S001112308,SE-24-1088_P01_d2,H08,?,0.58016,0.27067,snpSB00800,LB_0824_064_d2,,,AC31,,,-:-,,,,
S001112308,SE-24-1088_P01_d2,A09,Uncallable,1.99349,0.77024,snpSB00800,LB_0824_065_d2,,,A35,,,?,,,,
S001112308,SE-24-1088_P01_d2,B09,-:-,2.33066,0.52101,snpSB00800,LB_0824_066_d2,,,E35,,,?,,,,
S001112308,SE-24-1088_P01_d2,C09,-:-,1.18477,0.33046,snpSB00800,LB_0824_067_d2,,,I35,,,?,,,,
S001112308,SE-24-1088_P01_d2,D09,?,0.85897,0.32769,snpSB00800,LB_0824_068_d2,,,M35,,,C:-,,,,
S001112308,SE-24-1088_P01_d2,E09,?,0.74291,0.33537,snpSB00800,LB_0824_069_d2,,,Q35,,,?,,,,
S001112308,SE-24-1088_P01_d2,F09,?,0.54097,0.29375,snpSB00800,LB_0824_070_d2,,,U35,,,?,,,,
S001112308,SE-24-1088_P01_d2,G09,?,0.62811,0.32983,snpSB00800,LB_0824_071_d2,,,Y35,,,-:-,,,,
S001112308,SE-24-1088_P01_d2,H09,?,0.52172,0.31169,snpSB00800,LB_0824_072_d2,,,AC35,,,?,,,,
S001112308,SE-24-1088_P01_d2,A10,C:C,0.69658,1.39918,snpSB00800,LB_0824_073_d2,,,A39,,,?,,,,
S001112308,SE-24-1088_P01_d2,B10,-:-,2.28066,0.55418,snpSB00800,LB_0824_074_d2,,,E39,,,C:-,,,,
S001112308,SE-24-1088_P01_d2,C10,-:-,1.12767,0.37062,snpSB00800,LB_0824_075_d2,,,I39,,,?,,,,
S001112308,SE-24-1088_P01_d2,D10,?,0.5751,0.3083,snpSB00800,LB_0824_076_d2,,,M39,,,?,,,,
S001112308,SE-24-1088_P01_d2,E10,?,0.54578,0.30558,snpSB00800,LB_0824_077_d2,,,Q39,,,C:C,,,,
S001112308,SE-24-1088_P01_d2,F10,?,0.57576,0.3059,snpSB00800,LB_0824_078_d2,,,U39,,,?,,,,
S001112308,SE-24-1088_P01_d2,G10,?,0.51172,0.27985,snpSB00800,LB_0824_079_d2,,,Y39,,,-:-,,,,
S001112308,SE-24-1088_P01_d2,H10,?,0.53943,0.27451,snpSB00800,LB_0824_080_d2,,,AC39,,,?,,,,
S001112308,SE-24-1088_P01_d2,A11,Uncallable,2.40014,0.69281,snpSB00800,LB_0824_081_d2,,,A43,,,?,,,,
S001112308,SE-24-1088_P01_d2,B11,Uncallable,2.39616,0.60748,snpSB00800,LB_0824_082_d2,,,E43,,,C:-,,,,
S001112308,SE-24-1088_P01_d2,C11,-:-,1.14614,0.35377,snpSB00800,LB_0824_083_d2,,,I43,,,?,,,,
S001112308,SE-24-1088_P01_d2,D11,?,0.89269,0.34249,snpSB00800,LB_0824_084_d2,,,M43,,,-:-,,,,
S001112308,SE-24-1088_P01_d2,E11,?,0.66761,0.31952,snpSB00800,LB_0824_085_d2,,,Q43,,,?,,,,
S001112308,SE-24-1088_P01_d2,F11,?,0.52638,0.28555,snpSB00800,LB_0824_086_d2,,,U43,,,?,,,,
S001112308,SE-24-1088_P01_d2,G11,?,0.52644,0.28938,snpSB00800,LB_0824_087_d2,,,Y43,,,C:C,,,,
S001112308,SE-24-1088_P01_d2,H11,NTC,0.50209,0.28984,snpSB00800,BLANK_d2,,,AC43,,,NTC,,,,
S001112308,SE-24-1088_P01_d2,A12,Uncallable,2.33295,0.73127,snpSB00800,LB_0824_088_d2,,,A47,,,?,,,,
S001112308,SE-24-1088_P01_d2,B12,Uncallable,2.34385,0.62503,snpSB00800,LB_0824_089_d2,,,E47,,,C:-,,,,
S001112308,SE-24-1088_P01_d2,C12,-:-,1.09733,0.33407,snpSB00800,LB_0824_090_d2,,,I47,,,?,,,,
S001112308,SE-24-1088_P01_d2,D12,?,0.51598,0.30575,snpSB00800,LB_0824_091_d2,,,M47,,,?,,,,
S001112308,SE-24-1088_P01_d2,E12,?,0.55073,0.32158,snpSB00800,LB_0824_092_d2,,,Q47,,,C:C,,,,
S001112308,SE-24-1088_P01_d2,F12,?,0.48621,0.26352,snpSB00800,LB_0824_093_d2,,,U47,,,-:-,,,,
S001112308,SE-24-1088_P01_d2,G12,?,0.49647,0.30414,snpSB00800,LB_0824_094_d2,,,Y47,,,?,,,,
S001112308,SE-24-1088_P01_d2,H12,NTC,0.54369,0.3059,snpSB00800,BLANK_d2,,,AC47,,,NTC,,,,
S001112308,SE-24-1088_P01_d1,A01,-:-,0.58777,1.28601,snpSB00803,LB_0824_001_d1,,,A02,,,?,,,,
S001112308,SE-24-1088_P01_d1,B01,-:-,0.58769,1.51418,snpSB00803,LB_0824_002_d1,,,E02,,,?,,,,
S001112308,SE-24-1088_P01_d1,C01,-:-,0.50197,1.16578,snpSB00803,LB_0824_003_d1,,,I02,,,-:-,,,,
S001112308,SE-24-1088_P01_d1,D01,-:-,0.59956,1.49809,snpSB00803,LB_0824_004_d1,,,M02,,,?,,,,
S001112308,SE-24-1088_P01_d1,E01,-:-,0.57436,1.38414,snpSB00803,LB_0824_005_d1,,,Q02,,,?,,,,
S001112308,SE-24-1088_P01_d1,F01,-:-,0.59947,1.51519,snpSB00803,LB_0824_006_d1,,,U02,,,?,,,,
S001112308,SE-24-1088_P01_d1,G01,TA:TA,2.60641,0.49538,snpSB00803,LB_0824_007_d1,,,Y02,,,TA:TA,,,,
S001112308,SE-24-1088_P01_d1,H01,-:-,0.59543,1.43362,snpSB00803,LB_0824_008_d1,,,AC02,,,?,,,,
S001112308,SE-24-1088_P01_d1,A02,TA:TA,2.24607,0.5204,snpSB00803,LB_0824_009_d1,,,A06,,,TA:TA,,,,
S001112308,SE-24-1088_P01_d1,B02,-:-,0.61461,1.51353,snpSB00803,LB_0824_010_d1,,,E06,,,?,,,,
S001112308,SE-24-1088_P01_d1,C02,-:-,0.56949,1.36875,snpSB00803,LB_0824_011_d1,,,I06,,,?,,,,
S001112308,SE-24-1088_P01_d1,D02,-:-,0.56934,1.32202,snpSB00803,LB_0824_012_d1,,,M06,,,?,,,,
S001112308,SE-24-1088_P01_d1,E02,-:TA,1.37043,0.96107,snpSB00803,LB_0824_013_d1,,,Q06,,,-:TA,,,,
S001112308,SE-24-1088_P01_d1,F02,-:-,0.58059,1.37097,snpSB00803,LB_0824_014_d1,,,U06,,,?,,,,
S001112308,SE-24-1088_P01_d1,G02,-:-,0.5902,1.34088,snpSB00803,LB_0824_015_d1,,,Y06,,,?,,,,
S001112308,SE-24-1088_P01_d1,H02,-:-,0.57738,1.30572,snpSB00803,LB_0824_016_d1,,,AC06,,,?,,,,
S001112308,SE-24-1088_P01_d1,A03,-:-,0.58435,1.36233,snpSB00803,LB_0824_017_d1,,,A10,,,?,,,,
S001112308,SE-24-1088_P01_d1,B03,-:-,0.57867,1.37843,snpSB00803,LB_0824_018_d1,,,E10,,,?,,,,
S001112308,SE-24-1088_P01_d1,C03,-:-,0.54766,1.19568,snpSB00803,LB_0824_019_d1,,,I10,,,?,,,,
S001112308,SE-24-1088_P01_d1,D03,-:TA,1.32419,0.92622,snpSB00803,LB_0824_020_d1,,,M10,,,-:TA,,,,
S001112308,SE-24-1088_P01_d1,E03,-:-,0.64346,1.41076,snpSB00803,LB_0824_021_d1,,,Q10,,,?,,,,
S001112308,SE-24-1088_P01_d1,F03,-:-,0.55735,1.26283,snpSB00803,LB_0824_022_d1,,,U10,,,?,,,,
S001112308,SE-24-1088_P01_d1,G03,-:-,0.57497,1.2833,snpSB00803,LB_0824_023_d1,,,Y10,,,?,,,,
S001112308,SE-24-1088_P01_d1,H03,TA:TA,2.23466,0.40289,snpSB00803,LB_0824_024_d1,,,AC10,,,TA:TA,,,,
S001112308,SE-24-1088_P01_d1,A04,-:TA,1.25055,0.77936,snpSB00803,LB_0824_025_d1,,,A14,,,-:TA,,,,
S001112308,SE-24-1088_P01_d1,B04,-:-,0.57289,1.30501,snpSB00803,LB_0824_026_d1,,,E14,,,?,,,,
S001112308,SE-24-1088_P01_d1,C04,-:-,0.57966,1.1968,snpSB00803,LB_0824_027_d1,,,I14,,,-:-,,,,
S001112308,SE-24-1088_P01_d1,D04,-:-,0.5984,1.19362,snpSB00803,LB_0824_028_d1,,,M14,,,?,,,,
S001112308,SE-24-1088_P01_d1,E04,-:-,0.55245,1.22187,snpSB00803,LB_0824_029_d1,,,Q14,,,?,,,,
S001112308,SE-24-1088_P01_d1,F04,?,0.60822,0.30921,snpSB00803,LB_0824_030_d1,,,U14,,,?,,,,
S001112308,SE-24-1088_P01_d1,G04,-:-,0.58987,1.24469,snpSB00803,LB_0824_031_d1,,,Y14,,,?,,,,
S001112308,SE-24-1088_P01_d1,H04,-:-,0.63124,1.22208,snpSB00803,LB_0824_032_d1,,,AC14,,,?,,,,
S001112308,SE-24-1088_P01_d1,A05,-:-,0.57835,1.31306,snpSB00803,LB_0824_033_d1,,,A18,,,?,,,,
S001112308,SE-24-1088_P01_d1,B05,-:-,0.58088,1.2755,snpSB00803,LB_0824_034_d1,,,E18,,,-:-,,,,
S001112308,SE-24-1088_P01_d1,C05,-:-,0.6082,1.28565,snpSB00803,LB_0824_035_d1,,,I18,,,?,,,,
S001112308,SE-24-1088_P01_d1,D05,-:-,0.60583,1.37058,snpSB00803,LB_0824_036_d1,,,M18,,,?,,,,
S001112308,SE-24-1088_P01_d1,E05,-:TA,1.25481,0.83244,snpSB00803,LB_0824_037_d1,,,Q18,,,-:TA,,,,
S001112308,SE-24-1088_P01_d1,F05,-:-,0.63017,1.23779,snpSB00803,LB_0824_038_d1,,,U18,,,?,,,,
S001112308,SE-24-1088_P01_d1,G05,-:-,0.5649,1.13837,snpSB00803,LB_0824_039_d1,,,Y18,,,-:-,,,,
S001112308,SE-24-1088_P01_d1,H05,TA:TA,2.06498,0.44506,snpSB00803,LB_0824_040_d1,,,AC18,,,TA:TA,,,,
S001112308,SE-24-1088_P01_d1,A06,-:-,0.64946,1.21056,snpSB00803,LB_0824_041_d1,,,A22,,,?,,,,
S001112308,SE-24-1088_P01_d1,B06,-:-,0.61017,1.24494,snpSB00803,LB_0824_042_d1,,,E22,,,?,,,,
S001112308,SE-24-1088_P01_d1,C06,-:-,0.61318,1.43985,snpSB00803,LB_0824_043_d1,,,I22,,,?,,,,
S001112308,SE-24-1088_P01_d1,D06,TA:TA,2.21413,0.40659,snpSB00803,LB_0824_044_d1,,,M22,,,TA:TA,,,,
S001112308,SE-24-1088_P01_d1,E06,-:-,0.54776,1.03859,snpSB00803,LB_0824_045_d1,,,Q22,,,?,,,,
S001112308,SE-24-1088_P01_d1,F06,-:-,0.60488,1.11823,snpSB00803,LB_0824_046_d1,,,U22,,,-:-,,,,
S001112308,SE-24-1088_P01_d1,G06,-:-,0.56538,1.18796,snpSB00803,LB_0824_047_d1,,,Y22,,,?,,,,
S001112308,SE-24-1088_P01_d1,H06,-:-,0.59267,1.06027,snpSB00803,LB_0824_048_d1,,,AC22,,,?,,,,
S001112308,SE-24-1088_P01_d1,A07,-:TA,1.15872,0.79656,snpSB00803,LB_0824_049_d1,,,A26,,,-:TA,,,,
S001112308,SE-24-1088_P01_d1,B07,-:-,0.59923,1.13591,snpSB00803,LB_0824_050_d1,,,E26,,,?,,,,
S001112308,SE-24-1088_P01_d1,C07,-:-,0.59938,1.45231,snpSB00803,LB_0824_051_d1,,,I26,,,?,,,,
S001112308,SE-24-1088_P01_d1,D07,-:-,0.57616,1.11825,snpSB00803,LB_0824_052_d1,,,M26,,,?,,,,
S001112308,SE-24-1088_P01_d1,E07,-:TA,1.15058,0.77449,snpSB00803,LB_0824_053_d1,,,Q26,,,-:TA,,,,
S001112308,SE-24-1088_P01_d1,F07,-:-,0.58318,1.23644,snpSB00803,LB_0824_054_d1,,,U26,,,?,,,,
S001112308,SE-24-1088_P01_d1,G07,TA:TA,2.3474,0.46579,snpSB00803,LB_0824_055_d1,,,Y26,,,TA:TA,,,,
S001112308,SE-24-1088_P01_d1,H07,-:-,0.62388,1.08662,snpSB00803,LB_0824_056_d1,,,AC26,,,?,,,,
S001112308,SE-24-1088_P01_d1,A08,-:-,0.58623,1.23657,snpSB00803,LB_0824_057_d1,,,A30,,,-:-,,,,
S001112308,SE-24-1088_P01_d1,B08,-:-,0.64466,1.18392,snpSB00803,LB_0824_058_d1,,,E30,,,?,,,,
S001112308,SE-24-1088_P01_d1,C08,-:-,0.57071,1.29474,snpSB00803,LB_0824_059_d1,,,I30,,,-:-,,,,
S001112308,SE-24-1088_P01_d1,D08,-:-,0.55573,1.24697,snpSB00803,LB_0824_060_d1,,,M30,,,?,,,,
S001112308,SE-24-1088_P01_d1,E08,-:-,0.61316,1.34551,snpSB00803,LB_0824_061_d1,,,Q30,,,?,,,,
S001112308,SE-24-1088_P01_d1,F08,-:-,0.55194,1.25796,snpSB00803,LB_0824_062_d1,,,U30,,,?,,,,
S001112308,SE-24-1088_P01_d1,G08,-:-,0.6,1.28955,snpSB00803,LB_0824_063_d1,,,Y30,,,?,,,,
S001112308,SE-24-1088_P01_d1,H08,-:-,0.53362,1.07701,snpSB00803,LB_0824_064_d1,,,AC30,,,-:-,,,,
S001112308,SE-24-1088_P01_d1,A09,-:TA,1.31952,0.91575,snpSB00803,LB_0824_065_d1,,,A34,,,-:TA,,,,
S001112308,SE-24-1088_P01_d1,B09,-:-,0.59923,1.35363,snpSB00803,LB_0824_066_d1,,,E34,,,?,,,,
S001112308,SE-24-1088_P01_d1,C09,-:-,0.54433,1.24815,snpSB00803,LB_0824_067_d1,,,I34,,,?,,,,
S001112308,SE-24-1088_P01_d1,D09,-:-,0.58745,1.39997,snpSB00803,LB_0824_068_d1,,,M34,,,?,,,,
S001112308,SE-24-1088_P01_d1,E09,-:-,0.54735,1.17335,snpSB00803,LB_0824_069_d1,,,Q34,,,?,,,,
S001112308,SE-24-1088_P01_d1,F09,TA:TA,2.33414,0.49328,snpSB00803,LB_0824_070_d1,,,U34,,,TA:TA,,,,
S001112308,SE-24-1088_P01_d1,G09,-:-,0.61854,1.32418,snpSB00803,LB_0824_071_d1,,,Y34,,,-:-,,,,
S001112308,SE-24-1088_P01_d1,H09,TA:TA,2.15358,0.43938,snpSB00803,LB_0824_072_d1,,,AC34,,,TA:TA,,,,
S001112308,SE-24-1088_P01_d1,A10,TA:TA,2.2939,0.47613,snpSB00803,LB_0824_073_d1,,,A38,,,TA:TA,,,,
S001112308,SE-24-1088_P01_d1,B10,-:-,0.60371,1.30935,snpSB00803,LB_0824_074_d1,,,E38,,,?,,,,
S001112308,SE-24-1088_P01_d1,C10,TA:TA,2.2614,0.45844,snpSB00803,LB_0824_075_d1,,,I38,,,TA:TA,,,,
S001112308,SE-24-1088_P01_d1,D10,-:-,0.62477,1.44629,snpSB00803,LB_0824_076_d1,,,M38,,,?,,,,
S001112308,SE-24-1088_P01_d1,E10,-:-,0.6122,1.28847,snpSB00803,LB_0824_077_d1,,,Q38,,,?,,,,
S001112308,SE-24-1088_P01_d1,F10,-:-,0.57457,1.26881,snpSB00803,LB_0824_078_d1,,,U38,,,?,,,,
S001112308,SE-24-1088_P01_d1,G10,-:-,0.58504,1.33398,snpSB00803,LB_0824_079_d1,,,Y38,,,-:-,,,,
S001112308,SE-24-1088_P01_d1,H10,-:-,0.56776,1.36035,snpSB00803,LB_0824_080_d1,,,AC38,,,?,,,,
S001112308,SE-24-1088_P01_d1,A11,?,0.58921,0.34087,snpSB00803,LB_0824_081_d1,,,A42,,,?,,,,
S001112308,SE-24-1088_P01_d1,B11,-:-,0.56612,1.3911,snpSB00803,LB_0824_082_d1,,,E42,,,?,,,,
S001112308,SE-24-1088_P01_d1,C11,TA:TA,2.45495,0.45115,snpSB00803,LB_0824_083_d1,,,I42,,,TA:TA,,,,
S001112308,SE-24-1088_P01_d1,D11,-:-,0.65021,1.30825,snpSB00803,LB_0824_084_d1,,,M42,,,-:-,,,,
S001112308,SE-24-1088_P01_d1,E11,-:-,0.56335,1.31267,snpSB00803,LB_0824_085_d1,,,Q42,,,?,,,,
S001112308,SE-24-1088_P01_d1,F11,?,0.61461,0.29658,snpSB00803,LB_0824_086_d1,,,U42,,,?,,,,
S001112308,SE-24-1088_P01_d1,G11,-:-,0.57783,1.40238,snpSB00803,LB_0824_087_d1,,,Y42,,,?,,,,
S001112308,SE-24-1088_P01_d1,H11,NTC,0.55574,0.28298,snpSB00803,BLANK_d1,,,AC42,,,NTC,,,,
S001112308,SE-24-1088_P01_d1,A12,-:TA,1.35708,1.01732,snpSB00803,LB_0824_088_d1,,,A46,,,-:TA,,,,
S001112308,SE-24-1088_P01_d1,B12,-:-,0.5697,1.46283,snpSB00803,LB_0824_089_d1,,,E46,,,?,,,,
S001112308,SE-24-1088_P01_d1,C12,-:-,0.61382,1.34798,snpSB00803,LB_0824_090_d1,,,I46,,,?,,,,
S001112308,SE-24-1088_P01_d1,D12,TA:TA,2.31428,0.51821,snpSB00803,LB_0824_091_d1,,,M46,,,TA:TA,,,,
S001112308,SE-24-1088_P01_d1,E12,-:-,0.58858,1.24786,snpSB00803,LB_0824_092_d1,,,Q46,,,?,,,,
S001112308,SE-24-1088_P01_d1,F12,-:-,0.5461,1.1941,snpSB00803,LB_0824_093_d1,,,U46,,,-:-,,,,
S001112308,SE-24-1088_P01_d1,G12,-:-,0.55042,1.35721,snpSB00803,LB_0824_094_d1,,,Y46,,,?,,,,
S001112308,SE-24-1088_P01_d1,H12,NTC,0.52618,0.27003,snpSB00803,BLANK_d1,,,AC46,,,NTC,,,,
S001112308,SE-24-1088_P01_d2,A01,-:-,0.67019,1.54055,snpSB00803,LB_0824_001_d2,,,A04,,,?,,,,
S001112308,SE-24-1088_P01_d2,B01,-:-,0.59839,1.46071,snpSB00803,LB_0824_002_d2,,,E04,,,?,,,,
S001112308,SE-24-1088_P01_d2,C01,-:-,0.5912,1.46772,snpSB00803,LB_0824_003_d2,,,I04,,,-:-,,,,
S001112308,SE-24-1088_P01_d2,D01,-:-,0.65756,1.54269,snpSB00803,LB_0824_004_d2,,,M04,,,?,,,,
S001112308,SE-24-1088_P01_d2,E01,-:-,0.58482,1.4484,snpSB00803,LB_0824_005_d2,,,Q04,,,?,,,,
S001112308,SE-24-1088_P01_d2,F01,-:-,0.57284,1.37666,snpSB00803,LB_0824_006_d2,,,U04,,,?,,,,
S001112308,SE-24-1088_P01_d2,G01,TA:TA,2.52195,0.4561,snpSB00803,LB_0824_007_d2,,,Y04,,,TA:TA,,,,
S001112308,SE-24-1088_P01_d2,H01,-:-,0.58553,1.4006,snpSB00803,LB_0824_008_d2,,,AC04,,,?,,,,
S001112308,SE-24-1088_P01_d2,A02,TA:TA,2.35515,0.45178,snpSB00803,LB_0824_009_d2,,,A08,,,TA:TA,,,,
S001112308,SE-24-1088_P01_d2,B02,-:-,0.5962,1.40426,snpSB00803,LB_0824_010_d2,,,E08,,,?,,,,
S001112308,SE-24-1088_P01_d2,C02,-:-,0.56888,1.3415,snpSB00803,LB_0824_011_d2,,,I08,,,?,,,,
S001112308,SE-24-1088_P01_d2,D02,-:-,0.57899,1.40617,snpSB00803,LB_0824_012_d2,,,M08,,,?,,,,
S001112308,SE-24-1088_P01_d2,E02,-:TA,1.37886,1.00277,snpSB00803,LB_0824_013_d2,,,Q08,,,-:TA,,,,
S001112308,SE-24-1088_P01_d2,F02,-:-,0.55324,1.38925,snpSB00803,LB_0824_014_d2,,,U08,,,?,,,,
S001112308,SE-24-1088_P01_d2,G02,-:-,0.62968,1.47273,snpSB00803,LB_0824_015_d2,,,Y08,,,?,,,,
S001112308,SE-24-1088_P01_d2,H02,-:-,0.57018,1.31106,snpSB00803,LB_0824_016_d2,,,AC08,,,?,,,,
S001112308,SE-24-1088_P01_d2,A03,-:-,0.61109,1.31642,snpSB00803,LB_0824_017_d2,,,A12,,,?,,,,
S001112308,SE-24-1088_P01_d2,B03,-:-,0.56626,1.31987,snpSB00803,LB_0824_018_d2,,,E12,,,?,,,,
S001112308,SE-24-1088_P01_d2,C03,-:-,0.58797,1.28732,snpSB00803,LB_0824_019_d2,,,I12,,,?,,,,
S001112308,SE-24-1088_P01_d2,D03,-:TA,1.37424,0.95449,snpSB00803,LB_0824_020_d2,,,M12,,,-:TA,,,,
S001112308,SE-24-1088_P01_d2,E03,-:-,0.62348,1.21525,snpSB00803,LB_0824_021_d2,,,Q12,,,?,,,,
S001112308,SE-24-1088_P01_d2,F03,-:-,0.62453,1.19746,snpSB00803,LB_0824_022_d2,,,U12,,,?,,,,
S001112308,SE-24-1088_P01_d2,G03,-:-,0.59796,1.3381,snpSB00803,LB_0824_023_d2,,,Y12,,,?,,,,
S001112308,SE-24-1088_P01_d2,H03,TA:TA,2.09517,0.42776,snpSB00803,LB_0824_024_d2,,,AC12,,,TA:TA,,,,
S001112308,SE-24-1088_P01_d2,A04,-:TA,1.27897,0.91936,snpSB00803,LB_0824_025_d2,,,A16,,,-:TA,,,,
S001112308,SE-24-1088_P01_d2,B04,-:-,0.55996,1.27503,snpSB00803,LB_0824_026_d2,,,E16,,,?,,,,
S001112308,SE-24-1088_P01_d2,C04,-:-,0.60023,1.26798,snpSB00803,LB_0824_027_d2,,,I16,,,-:-,,,,
S001112308,SE-24-1088_P01_d2,D04,-:-,0.62349,1.34078,snpSB00803,LB_0824_028_d2,,,M16,,,?,,,,
S001112308,SE-24-1088_P01_d2,E04,-:-,0.56654,1.12956,snpSB00803,LB_0824_029_d2,,,Q16,,,?,,,,
S001112308,SE-24-1088_P01_d2,F04,?,0.54221,0.27586,snpSB00803,LB_0824_030_d2,,,U16,,,?,,,,
S001112308,SE-24-1088_P01_d2,G04,-:-,0.57929,1.32959,snpSB00803,LB_0824_031_d2,,,Y16,,,?,,,,
S001112308,SE-24-1088_P01_d2,H04,-:-,0.59643,1.13776,snpSB00803,LB_0824_032_d2,,,AC16,,,?,,,,
S001112308,SE-24-1088_P01_d2,A05,-:-,0.58843,1.29152,snpSB00803,LB_0824_033_d2,,,A20,,,?,,,,
S001112308,SE-24-1088_P01_d2,B05,-:-,0.58009,1.12316,snpSB00803,LB_0824_034_d2,,,E20,,,-:-,,,,
S001112308,SE-24-1088_P01_d2,C05,-:-,0.63197,1.4354,snpSB00803,LB_0824_035_d2,,,I20,,,?,,,,
S001112308,SE-24-1088_P01_d2,D05,-:-,0.57741,1.17852,snpSB00803,LB_0824_036_d2,,,M20,,,?,,,,
S001112308,SE-24-1088_P01_d2,E05,-:TA,1.33647,0.88784,snpSB00803,LB_0824_037_d2,,,Q20,,,-:TA,,,,
S001112308,SE-24-1088_P01_d2,F05,-:-,0.58196,1.11226,snpSB00803,LB_0824_038_d2,,,U20,,,?,,,,
S001112308,SE-24-1088_P01_d2,G05,-:-,0.56994,1.16619,snpSB00803,LB_0824_039_d2,,,Y20,,,-:-,,,,
S001112308,SE-24-1088_P01_d2,H05,TA:TA,2.29448,0.48297,snpSB00803,LB_0824_040_d2,,,AC20,,,TA:TA,,,,
S001112308,SE-24-1088_P01_d2,A06,-:-,0.60744,1.28568,snpSB00803,LB_0824_041_d2,,,A24,,,?,,,,
S001112308,SE-24-1088_P01_d2,B06,-:-,0.57672,1.17317,snpSB00803,LB_0824_042_d2,,,E24,,,?,,,,
S001112308,SE-24-1088_P01_d2,C06,-:-,0.57143,1.28344,snpSB00803,LB_0824_043_d2,,,I24,,,?,,,,
S001112308,SE-24-1088_P01_d2,D06,TA:TA,1.9595,0.40685,snpSB00803,LB_0824_044_d2,,,M24,,,TA:TA,,,,
S001112308,SE-24-1088_P01_d2,E06,-:-,0.60492,1.10223,snpSB00803,LB_0824_045_d2,,,Q24,,,?,,,,
S001112308,SE-24-1088_P01_d2,F06,-:-,0.60355,1.01926,snpSB00803,LB_0824_046_d2,,,U24,,,-:-,,,,
S001112308,SE-24-1088_P01_d2,G06,-:-,0.58167,1.27945,snpSB00803,LB_0824_047_d2,,,Y24,,,?,,,,
S001112308,SE-24-1088_P01_d2,H06,-:-,0.57725,1.04073,snpSB00803,LB_0824_048_d2,,,AC24,,,?,,,,
S001112308,SE-24-1088_P01_d2,A07,-:TA,1.25733,1.04822,snpSB00803,LB_0824_049_d2,,,A28,,,-:TA,,,,
S001112308,SE-24-1088_P01_d2,B07,-:-,0.60204,0.92104,snpSB00803,LB_0824_050_d2,,,E28,,,?,,,,
S001112308,SE-24-1088_P01_d2,C07,-:-,0.57067,1.39046,snpSB00803,LB_0824_051_d2,,,I28,,,?,,,,
S001112308,SE-24-1088_P01_d2,D07,-:-,0.61652,1.27665,snpSB00803,LB_0824_052_d2,,,M28,,,?,,,,
S001112308,SE-24-1088_P01_d2,E07,-:TA,1.24423,0.85565,snpSB00803,LB_0824_053_d2,,,Q28,,,-:TA,,,,
S001112308,SE-24-1088_P01_d2,F07,-:-,0.63218,1.2917,snpSB00803,LB_0824_054_d2,,,U28,,,?,,,,
S001112308,SE-24-1088_P01_d2,G07,TA:TA,2.35881,0.4325,snpSB00803,LB_0824_055_d2,,,Y28,,,TA:TA,,,,
S001112308,SE-24-1088_P01_d2,H07,-:-,0.60114,1.18986,snpSB00803,LB_0824_056_d2,,,AC28,,,?,,,,
S001112308,SE-24-1088_P01_d2,A08,-:-,0.60822,1.3194,snpSB00803,LB_0824_057_d2,,,A32,,,-:-,,,,
S001112308,SE-24-1088_P01_d2,B08,-:-,0.59506,1.31277,snpSB00803,LB_0824_058_d2,,,E32,,,?,,,,
S001112308,SE-24-1088_P01_d2,C08,-:-,0.62849,1.30318,snpSB00803,LB_0824_059_d2,,,I32,,,-:-,,,,
S001112308,SE-24-1088_P01_d2,D08,-:-,0.55487,1.29309,snpSB00803,LB_0824_060_d2,,,M32,,,?,,,,
S001112308,SE-24-1088_P01_d2,E08,-:-,0.66096,1.33982,snpSB00803,LB_0824_061_d2,,,Q32,,,?,,,,
S001112308,SE-24-1088_P01_d2,F08,-:-,0.56196,1.07252,snpSB00803,LB_0824_062_d2,,,U32,,,?,,,,
S001112308,SE-24-1088_P01_d2,G08,-:-,0.54915,1.23424,snpSB00803,LB_0824_063_d2,,,Y32,,,?,,,,
S001112308,SE-24-1088_P01_d2,H08,-:-,0.62188,1.26303,snpSB00803,LB_0824_064_d2,,,AC32,,,-:-,,,,
S001112308,SE-24-1088_P01_d2,A09,-:TA,1.18532,0.93997,snpSB00803,LB_0824_065_d2,,,A36,,,-:TA,,,,
S001112308,SE-24-1088_P01_d2,B09,-:-,0.57146,1.22172,snpSB00803,LB_0824_066_d2,,,E36,,,?,,,,
S001112308,SE-24-1088_P01_d2,C09,-:-,0.61093,1.38158,snpSB00803,LB_0824_067_d2,,,I36,,,?,,,,
S001112308,SE-24-1088_P01_d2,D09,-:-,0.56929,1.30619,snpSB00803,LB_0824_068_d2,,,M36,,,?,,,,
S001112308,SE-24-1088_P01_d2,E09,-:-,0.54137,1.11292,snpSB00803,LB_0824_069_d2,,,Q36,,,?,,,,
S001112308,SE-24-1088_P01_d2,F09,TA:TA,2.14659,0.4518,snpSB00803,LB_0824_070_d2,,,U36,,,TA:TA,,,,
S001112308,SE-24-1088_P01_d2,G09,-:-,0.56465,1.20927,snpSB00803,LB_0824_071_d2,,,Y36,,,-:-,,,,
S001112308,SE-24-1088_P01_d2,H09,TA:TA,2.36567,0.47817,snpSB00803,LB_0824_072_d2,,,AC36,,,TA:TA,,,,
S001112308,SE-24-1088_P01_d2,A10,TA:TA,2.30666,0.48394,snpSB00803,LB_0824_073_d2,,,A40,,,TA:TA,,,,
S001112308,SE-24-1088_P01_d2,B10,-:-,0.56946,1.34972,snpSB00803,LB_0824_074_d2,,,E40,,,?,,,,
S001112308,SE-24-1088_P01_d2,C10,TA:TA,2.37306,0.49086,snpSB00803,LB_0824_075_d2,,,I40,,,TA:TA,,,,
S001112308,SE-24-1088_P01_d2,D10,-:-,0.64031,1.48016,snpSB00803,LB_0824_076_d2,,,M40,,,?,,,,
S001112308,SE-24-1088_P01_d2,E10,-:-,0.61037,1.29864,snpSB00803,LB_0824_077_d2,,,Q40,,,?,,,,
S001112308,SE-24-1088_P01_d2,F10,-:-,0.54782,1.15164,snpSB00803,LB_0824_078_d2,,,U40,,,?,,,,
S001112308,SE-24-1088_P01_d2,G10,-:-,0.56142,1.2879,snpSB00803,LB_0824_079_d2,,,Y40,,,-:-,,,,
S001112308,SE-24-1088_P01_d2,H10,-:-,0.58769,1.49283,snpSB00803,LB_0824_080_d2,,,AC40,,,?,,,,
S001112308,SE-24-1088_P01_d2,A11,-:-,0.62351,1.2551,snpSB00803,LB_0824_081_d2,,,A44,,,?,,,,
S001112308,SE-24-1088_P01_d2,B11,-:-,0.57498,1.40881,snpSB00803,LB_0824_082_d2,,,E44,,,?,,,,
S001112308,SE-24-1088_P01_d2,C11,TA:TA,2.38686,0.46004,snpSB00803,LB_0824_083_d2,,,I44,,,TA:TA,,,,
S001112308,SE-24-1088_P01_d2,D11,-:-,0.6539,1.44908,snpSB00803,LB_0824_084_d2,,,M44,,,-:-,,,,
S001112308,SE-24-1088_P01_d2,E11,-:-,0.61382,1.42733,snpSB00803,LB_0824_085_d2,,,Q44,,,?,,,,
S001112308,SE-24-1088_P01_d2,F11,?,0.54078,0.30596,snpSB00803,LB_0824_086_d2,,,U44,,,?,,,,
S001112308,SE-24-1088_P01_d2,G11,-:-,0.58124,1.29642,snpSB00803,LB_0824_087_d2,,,Y44,,,?,,,,
S001112308,SE-24-1088_P01_d2,H11,NTC,0.58044,0.30212,snpSB00803,BLANK_d2,,,AC44,,,NTC,,,,
S001112308,SE-24-1088_P01_d2,A12,-:TA,1.29502,1.00054,snpSB00803,LB_0824_088_d2,,,A48,,,-:TA,,,,
S001112308,SE-24-1088_P01_d2,B12,-:-,0.62233,1.40649,snpSB00803,LB_0824_089_d2,,,E48,,,?,,,,
S001112308,SE-24-1088_P01_d2,C12,-:-,0.61486,1.31439,snpSB00803,LB_0824_090_d2,,,I48,,,?,,,,
S001112308,SE-24-1088_P01_d2,D12,TA:TA,2.24192,0.46541,snpSB00803,LB_0824_091_d2,,,M48,,,TA:TA,,,,
S001112308,SE-24-1088_P01_d2,E12,-:-,0.60865,1.17275,snpSB00803,LB_0824_092_d2,,,Q48,,,?,,,,
S001112308,SE-24-1088_P01_d2,F12,-:-,0.56429,1.40469,snpSB00803,LB_0824_093_d2,,,U48,,,-:-,,,,
S001112308,SE-24-1088_P01_d2,G12,-:-,0.59219,1.3187,snpSB00803,LB_0824_094_d2,,,Y48,,,?,,,,
S001112308,SE-24-1088_P01_d2,H12,NTC,0.56408,0.30634,snpSB00803,BLANK_d2,,,AC48,,,NTC,,,,
S001112308,SE-24-1088_P01_d1,A01,AC:AC,0.47085,1.63459,snpSB00804,LB_0824_001_d1,,,B01,,,?,,,,
S001112308,SE-24-1088_P01_d1,B01,AC:AC,0.43695,1.48403,snpSB00804,LB_0824_002_d1,,,F01,,,?,,,,
S001112308,SE-24-1088_P01_d1,C01,AC:AC,0.44143,1.5248,snpSB00804,LB_0824_003_d1,,,J01,,,AC:AC,,,,
S001112308,SE-24-1088_P01_d1,D01,AC:-,1.36817,0.85556,snpSB00804,LB_0824_004_d1,,,N01,,,AC:-,,,,
S001112308,SE-24-1088_P01_d1,E01,AC:AC,0.46972,1.49977,snpSB00804,LB_0824_005_d1,,,R01,,,?,,,,
S001112308,SE-24-1088_P01_d1,F01,-:-,2.611,0.4297,snpSB00804,LB_0824_006_d1,,,V01,,,-:-,,,,
S001112308,SE-24-1088_P01_d1,G01,AC:AC,0.46964,1.60672,snpSB00804,LB_0824_007_d1,,,Z01,,,?,,,,
S001112308,SE-24-1088_P01_d1,H01,AC:-,1.61653,0.89501,snpSB00804,LB_0824_008_d1,,,AD01,,,AC:-,,,,
S001112308,SE-24-1088_P01_d1,A02,AC:AC,0.52423,1.42655,snpSB00804,LB_0824_009_d1,,,B05,,,?,,,,
S001112308,SE-24-1088_P01_d1,B02,AC:AC,0.44063,1.53118,snpSB00804,LB_0824_010_d1,,,F05,,,?,,,,
S001112308,SE-24-1088_P01_d1,C02,AC:AC,0.43994,1.42167,snpSB00804,LB_0824_011_d1,,,J05,,,?,,,,
S001112308,SE-24-1088_P01_d1,D02,-:-,2.58902,0.43919,snpSB00804,LB_0824_012_d1,,,N05,,,-:-,,,,
S001112308,SE-24-1088_P01_d1,E02,AC:AC,0.50338,1.49212,snpSB00804,LB_0824_013_d1,,,R05,,,?,,,,
S001112308,SE-24-1088_P01_d1,F02,-:-,2.46053,0.45726,snpSB00804,LB_0824_014_d1,,,V05,,,-:-,,,,
S001112308,SE-24-1088_P01_d1,G02,-:-,2.63033,0.46485,snpSB00804,LB_0824_015_d1,,,Z05,,,-:-,,,,
S001112308,SE-24-1088_P01_d1,H02,-:-,2.72913,0.42274,snpSB00804,LB_0824_016_d1,,,AD05,,,-:-,,,,
S001112308,SE-24-1088_P01_d1,A03,AC:AC,0.53007,1.49366,snpSB00804,LB_0824_017_d1,,,B09,,,?,,,,
S001112308,SE-24-1088_P01_d1,B03,AC:AC,0.46273,1.48944,snpSB00804,LB_0824_018_d1,,,F09,,,?,,,,
S001112308,SE-24-1088_P01_d1,C03,AC:AC,0.47673,1.44821,snpSB00804,LB_0824_019_d1,,,J09,,,?,,,,
S001112308,SE-24-1088_P01_d1,D03,AC:AC,0.51486,1.59226,snpSB00804,LB_0824_020_d1,,,N09,,,?,,,,
S001112308,SE-24-1088_P01_d1,E03,AC:AC,0.46281,1.43161,snpSB00804,LB_0824_021_d1,,,R09,,,?,,,,
S001112308,SE-24-1088_P01_d1,F03,AC:AC,0.45958,1.4713,snpSB00804,LB_0824_022_d1,,,V09,,,?,,,,
S001112308,SE-24-1088_P01_d1,G03,AC:AC,0.48632,1.46345,snpSB00804,LB_0824_023_d1,,,Z09,,,?,,,,
S001112308,SE-24-1088_P01_d1,H03,AC:AC,0.53236,1.19446,snpSB00804,LB_0824_024_d1,,,AD09,,,?,,,,
S001112308,SE-24-1088_P01_d1,A04,AC:AC,0.45408,1.40808,snpSB00804,LB_0824_025_d1,,,B13,,,?,,,,
S001112308,SE-24-1088_P01_d1,B04,AC:AC,0.48052,1.43333,snpSB00804,LB_0824_026_d1,,,F13,,,?,,,,
S001112308,SE-24-1088_P01_d1,C04,AC:AC,0.44534,1.53802,snpSB00804,LB_0824_027_d1,,,J13,,,AC:AC,,,,
S001112308,SE-24-1088_P01_d1,D04,AC:AC,0.47631,1.43735,snpSB00804,LB_0824_028_d1,,,N13,,,?,,,,
S001112308,SE-24-1088_P01_d1,E04,-:-,2.2656,0.39474,snpSB00804,LB_0824_029_d1,,,R13,,,-:-,,,,
S001112308,SE-24-1088_P01_d1,F04,?,0.62721,0.31532,snpSB00804,LB_0824_030_d1,,,V13,,,?,,,,
S001112308,SE-24-1088_P01_d1,G04,AC:-,1.4668,0.81699,snpSB00804,LB_0824_031_d1,,,Z13,,,AC:-,,,,
S001112308,SE-24-1088_P01_d1,H04,AC:AC,0.46721,1.19318,snpSB00804,LB_0824_032_d1,,,AD13,,,?,,,,
S001112308,SE-24-1088_P01_d1,A05,AC:AC,0.47751,1.24588,snpSB00804,LB_0824_033_d1,,,B17,,,?,,,,
S001112308,SE-24-1088_P01_d1,B05,AC:AC,0.4572,1.37827,snpSB00804,LB_0824_034_d1,,,F17,,,AC:AC,,,,
S001112308,SE-24-1088_P01_d1,C05,AC:AC,0.4793,1.34687,snpSB00804,LB_0824_035_d1,,,J17,,,?,,,,
S001112308,SE-24-1088_P01_d1,D05,-:-,2.30286,0.42213,snpSB00804,LB_0824_036_d1,,,N17,,,-:-,,,,
S001112308,SE-24-1088_P01_d1,E05,AC:AC,0.45239,1.16693,snpSB00804,LB_0824_037_d1,,,R17,,,?,,,,
S001112308,SE-24-1088_P01_d1,F05,AC:AC,0.48423,1.29784,snpSB00804,LB_0824_038_d1,,,V17,,,?,,,,
S001112308,SE-24-1088_P01_d1,G05,AC:AC,0.46126,1.38085,snpSB00804,LB_0824_039_d1,,,Z17,,,AC:AC,,,,
S001112308,SE-24-1088_P01_d1,H05,AC:AC,0.50554,1.28198,snpSB00804,LB_0824_040_d1,,,AD17,,,?,,,,
S001112308,SE-24-1088_P01_d1,A06,-:-,2.15898,0.42664,snpSB00804,LB_0824_041_d1,,,B21,,,-:-,,,,
S001112308,SE-24-1088_P01_d1,B06,-:-,2.25458,0.44101,snpSB00804,LB_0824_042_d1,,,F21,,,-:-,,,,
S001112308,SE-24-1088_P01_d1,C06,-:-,2.38559,0.42518,snpSB00804,LB_0824_043_d1,,,J21,,,-:-,,,,
S001112308,SE-24-1088_P01_d1,D06,AC:AC,0.50154,1.38556,snpSB00804,LB_0824_044_d1,,,N21,,,?,,,,
S001112308,SE-24-1088_P01_d1,E06,AC:AC,0.53031,1.26173,snpSB00804,LB_0824_045_d1,,,R21,,,?,,,,
S001112308,SE-24-1088_P01_d1,F06,AC:AC,0.49496,1.21305,snpSB00804,LB_0824_046_d1,,,V21,,,AC:AC,,,,
S001112308,SE-24-1088_P01_d1,G06,AC:AC,0.55816,1.27632,snpSB00804,LB_0824_047_d1,,,Z21,,,?,,,,
S001112308,SE-24-1088_P01_d1,H06,-:-,2.13861,0.3765,snpSB00804,LB_0824_048_d1,,,AD21,,,-:-,,,,
S001112308,SE-24-1088_P01_d1,A07,AC:AC,0.44558,1.22323,snpSB00804,LB_0824_049_d1,,,B25,,,?,,,,
S001112308,SE-24-1088_P01_d1,B07,AC:AC,0.44639,1.32046,snpSB00804,LB_0824_050_d1,,,F25,,,?,,,,
S001112308,SE-24-1088_P01_d1,C07,AC:AC,0.51712,1.3158,snpSB00804,LB_0824_051_d1,,,J25,,,?,,,,
S001112308,SE-24-1088_P01_d1,D07,-:-,2.03945,0.39498,snpSB00804,LB_0824_052_d1,,,N25,,,-:-,,,,
S001112308,SE-24-1088_P01_d1,E07,AC:AC,0.53055,1.14256,snpSB00804,LB_0824_053_d1,,,R25,,,?,,,,
S001112308,SE-24-1088_P01_d1,F07,AC:AC,0.50248,1.10059,snpSB00804,LB_0824_054_d1,,,V25,,,?,,,,
S001112308,SE-24-1088_P01_d1,G07,AC:AC,0.48695,1.31726,snpSB00804,LB_0824_055_d1,,,Z25,,,?,,,,
S001112308,SE-24-1088_P01_d1,H07,AC:AC,0.52798,1.20557,snpSB00804,LB_0824_056_d1,,,AD25,,,?,,,,
S001112308,SE-24-1088_P01_d1,A08,AC:AC,0.47637,1.24369,snpSB00804,LB_0824_057_d1,,,B29,,,AC:AC,,,,
S001112308,SE-24-1088_P01_d1,B08,AC:AC,0.51603,1.25726,snpSB00804,LB_0824_058_d1,,,F29,,,?,,,,
S001112308,SE-24-1088_P01_d1,C08,AC:AC,0.45613,1.2014,snpSB00804,LB_0824_059_d1,,,J29,,,AC:AC,,,,
S001112308,SE-24-1088_P01_d1,D08,AC:AC,0.49296,1.30815,snpSB00804,LB_0824_060_d1,,,N29,,,?,,,,
S001112308,SE-24-1088_P01_d1,E08,AC:AC,0.45503,1.30569,snpSB00804,LB_0824_061_d1,,,R29,,,?,,,,
S001112308,SE-24-1088_P01_d1,F08,AC:-,1.12105,0.72794,snpSB00804,LB_0824_062_d1,,,V29,,,-:-,,,,
S001112308,SE-24-1088_P01_d1,G08,AC:AC,0.51288,1.26169,snpSB00804,LB_0824_063_d1,,,Z29,,,?,,,,
S001112308,SE-24-1088_P01_d1,H08,AC:AC,0.48484,1.29253,snpSB00804,LB_0824_064_d1,,,AD29,,,AC:AC,,,,
S001112308,SE-24-1088_P01_d1,A09,AC:AC,0.46946,1.1676,snpSB00804,LB_0824_065_d1,,,B33,,,?,,,,
S001112308,SE-24-1088_P01_d1,B09,AC:AC,0.47131,1.40925,snpSB00804,LB_0824_066_d1,,,F33,,,?,,,,
S001112308,SE-24-1088_P01_d1,C09,AC:-,1.30385,0.82332,snpSB00804,LB_0824_067_d1,,,J33,,,AC:-,,,,
S001112308,SE-24-1088_P01_d1,D09,AC:AC,0.4806,1.2901,snpSB00804,LB_0824_068_d1,,,N33,,,?,,,,
S001112308,SE-24-1088_P01_d1,E09,AC:-,1.36747,0.71022,snpSB00804,LB_0824_069_d1,,,R33,,,AC:-,,,,
S001112308,SE-24-1088_P01_d1,F09,AC:AC,0.48215,1.46587,snpSB00804,LB_0824_070_d1,,,V33,,,?,,,,
S001112308,SE-24-1088_P01_d1,G09,AC:AC,0.48879,1.3692,snpSB00804,LB_0824_071_d1,,,Z33,,,AC:AC,,,,
S001112308,SE-24-1088_P01_d1,H09,AC:AC,0.46868,1.20807,snpSB00804,LB_0824_072_d1,,,AD33,,,?,,,,
S001112308,SE-24-1088_P01_d1,A10,AC:AC,0.46947,1.27957,snpSB00804,LB_0824_073_d1,,,B37,,,?,,,,
S001112308,SE-24-1088_P01_d1,B10,AC:AC,0.44869,1.2708,snpSB00804,LB_0824_074_d1,,,F37,,,?,,,,
S001112308,SE-24-1088_P01_d1,C10,AC:AC,0.45803,1.44685,snpSB00804,LB_0824_075_d1,,,J37,,,?,,,,
S001112308,SE-24-1088_P01_d1,D10,AC:AC,0.46134,1.41101,snpSB00804,LB_0824_076_d1,,,N37,,,?,,,,
S001112308,SE-24-1088_P01_d1,E10,AC:AC,0.5113,1.24142,snpSB00804,LB_0824_077_d1,,,R37,,,?,,,,
S001112308,SE-24-1088_P01_d1,F10,AC:AC,0.43143,1.34993,snpSB00804,LB_0824_078_d1,,,V37,,,?,,,,
S001112308,SE-24-1088_P01_d1,G10,AC:AC,0.48856,1.25788,snpSB00804,LB_0824_079_d1,,,Z37,,,AC:AC,,,,
S001112308,SE-24-1088_P01_d1,H10,AC:AC,0.47605,1.39178,snpSB00804,LB_0824_080_d1,,,AD37,,,?,,,,
S001112308,SE-24-1088_P01_d1,A11,AC:AC,0.48878,1.48115,snpSB00804,LB_0824_081_d1,,,B41,,,?,,,,
S001112308,SE-24-1088_P01_d1,B11,AC:AC,0.44393,1.43357,snpSB00804,LB_0824_082_d1,,,F41,,,?,,,,
S001112308,SE-24-1088_P01_d1,C11,AC:AC,0.42226,1.36181,snpSB00804,LB_0824_083_d1,,,J41,,,?,,,,
S001112308,SE-24-1088_P01_d1,D11,AC:AC,0.48035,1.51871,snpSB00804,LB_0824_084_d1,,,N41,,,AC:AC,,,,
S001112308,SE-24-1088_P01_d1,E11,AC:AC,0.48122,1.23673,snpSB00804,LB_0824_085_d1,,,R41,,,?,,,,
S001112308,SE-24-1088_P01_d1,F11,?,0.58733,0.28748,snpSB00804,LB_0824_086_d1,,,V41,,,?,,,,
S001112308,SE-24-1088_P01_d1,G11,AC:AC,0.48711,1.50303,snpSB00804,LB_0824_087_d1,,,Z41,,,?,,,,
S001112308,SE-24-1088_P01_d1,H11,NTC,0.62037,0.35577,snpSB00804,BLANK_d1,,,AD41,,,NTC,,,,
S001112308,SE-24-1088_P01_d1,A12,AC:AC,0.44974,1.23766,snpSB00804,LB_0824_088_d1,,,B45,,,?,,,,
S001112308,SE-24-1088_P01_d1,B12,AC:AC,0.45651,1.43518,snpSB00804,LB_0824_089_d1,,,F45,,,?,,,,
S001112308,SE-24-1088_P01_d1,C12,AC:-,1.38058,0.75651,snpSB00804,LB_0824_090_d1,,,J45,,,AC:-,,,,
S001112308,SE-24-1088_P01_d1,D12,AC:AC,0.44783,1.3505,snpSB00804,LB_0824_091_d1,,,N45,,,?,,,,
S001112308,SE-24-1088_P01_d1,E12,AC:AC,0.48016,1.33567,snpSB00804,LB_0824_092_d1,,,R45,,,?,,,,
S001112308,SE-24-1088_P01_d1,F12,AC:AC,0.43422,1.34235,snpSB00804,LB_0824_093_d1,,,V45,,,AC:AC,,,,
S001112308,SE-24-1088_P01_d1,G12,AC:-,1.4711,0.73237,snpSB00804,LB_0824_094_d1,,,Z45,,,AC:-,,,,
S001112308,SE-24-1088_P01_d1,H12,NTC,0.59608,0.34131,snpSB00804,BLANK_d1,,,AD45,,,NTC,,,,
S001112308,SE-24-1088_P01_d2,A01,AC:AC,0.42727,1.51711,snpSB00804,LB_0824_001_d2,,,B03,,,?,,,,
S001112308,SE-24-1088_P01_d2,B01,AC:AC,0.42451,1.5331,snpSB00804,LB_0824_002_d2,,,F03,,,?,,,,
S001112308,SE-24-1088_P01_d2,C01,AC:AC,0.43835,1.54541,snpSB00804,LB_0824_003_d2,,,J03,,,AC:AC,,,,
S001112308,SE-24-1088_P01_d2,D01,AC:-,1.47335,0.90283,snpSB00804,LB_0824_004_d2,,,N03,,,AC:-,,,,
S001112308,SE-24-1088_P01_d2,E01,AC:AC,0.4466,1.43233,snpSB00804,LB_0824_005_d2,,,R03,,,?,,,,
S001112308,SE-24-1088_P01_d2,F01,-:-,2.66367,0.44431,snpSB00804,LB_0824_006_d2,,,V03,,,-:-,,,,
S001112308,SE-24-1088_P01_d2,G01,AC:AC,0.47376,1.58349,snpSB00804,LB_0824_007_d2,,,Z03,,,?,,,,
S001112308,SE-24-1088_P01_d2,H01,AC:-,1.5882,0.83679,snpSB00804,LB_0824_008_d2,,,AD03,,,AC:-,,,,
S001112308,SE-24-1088_P01_d2,A02,AC:AC,0.42909,1.51793,snpSB00804,LB_0824_009_d2,,,B07,,,?,,,,
S001112308,SE-24-1088_P01_d2,B02,AC:AC,0.42452,1.35262,snpSB00804,LB_0824_010_d2,,,F07,,,?,,,,
S001112308,SE-24-1088_P01_d2,C02,AC:AC,0.44852,1.59565,snpSB00804,LB_0824_011_d2,,,J07,,,?,,,,
S001112308,SE-24-1088_P01_d2,D02,-:-,2.44418,0.42965,snpSB00804,LB_0824_012_d2,,,N07,,,-:-,,,,
S001112308,SE-24-1088_P01_d2,E02,AC:AC,0.47944,1.53437,snpSB00804,LB_0824_013_d2,,,R07,,,?,,,,
S001112308,SE-24-1088_P01_d2,F02,-:-,2.42575,0.41123,snpSB00804,LB_0824_014_d2,,,V07,,,-:-,,,,
S001112308,SE-24-1088_P01_d2,G02,-:-,2.50583,0.3893,snpSB00804,LB_0824_015_d2,,,Z07,,,-:-,,,,
S001112308,SE-24-1088_P01_d2,H02,-:-,2.57708,0.39373,snpSB00804,LB_0824_016_d2,,,AD07,,,-:-,,,,
S001112308,SE-24-1088_P01_d2,A03,AC:AC,0.45174,1.43269,snpSB00804,LB_0824_017_d2,,,B11,,,?,,,,
S001112308,SE-24-1088_P01_d2,B03,AC:AC,0.42827,1.46956,snpSB00804,LB_0824_018_d2,,,F11,,,?,,,,
S001112308,SE-24-1088_P01_d2,C03,AC:AC,0.429,1.41871,snpSB00804,LB_0824_019_d2,,,J11,,,?,,,,
S001112308,SE-24-1088_P01_d2,D03,AC:AC,0.46205,1.41122,snpSB00804,LB_0824_020_d2,,,N11,,,?,,,,
S001112308,SE-24-1088_P01_d2,E03,AC:AC,0.44389,1.01669,snpSB00804,LB_0824_021_d2,,,R11,,,?,,,,
S001112308,SE-24-1088_P01_d2,F03,AC:AC,0.49361,1.57849,snpSB00804,LB_0824_022_d2,,,V11,,,?,,,,
S001112308,SE-24-1088_P01_d2,G03,AC:AC,0.47437,1.38272,snpSB00804,LB_0824_023_d2,,,Z11,,,?,,,,
S001112308,SE-24-1088_P01_d2,H03,AC:AC,0.473,1.36051,snpSB00804,LB_0824_024_d2,,,AD11,,,?,,,,
S001112308,SE-24-1088_P01_d2,A04,AC:AC,0.46814,1.37892,snpSB00804,LB_0824_025_d2,,,B15,,,?,,,,
S001112308,SE-24-1088_P01_d2,B04,AC:AC,0.42719,1.33545,snpSB00804,LB_0824_026_d2,,,F15,,,?,,,,
S001112308,SE-24-1088_P01_d2,C04,AC:AC,0.46148,1.2907,snpSB00804,LB_0824_027_d2,,,J15,,,AC:AC,,,,
S001112308,SE-24-1088_P01_d2,D04,AC:AC,0.48216,1.34022,snpSB00804,LB_0824_028_d2,,,N15,,,?,,,,
S001112308,SE-24-1088_P01_d2,E04,-:-,2.30041,0.46054,snpSB00804,LB_0824_029_d2,,,R15,,,-:-,,,,
S001112308,SE-24-1088_P01_d2,F04,?,0.61468,0.32177,snpSB00804,LB_0824_030_d2,,,V15,,,?,,,,
S001112308,SE-24-1088_P01_d2,G04,AC:-,1.43745,0.82774,snpSB00804,LB_0824_031_d2,,,Z15,,,AC:-,,,,
S001112308,SE-24-1088_P01_d2,H04,AC:AC,0.51453,1.2945,snpSB00804,LB_0824_032_d2,,,AD15,,,?,,,,
S001112308,SE-24-1088_P01_d2,A05,AC:AC,0.42402,1.32928,snpSB00804,LB_0824_033_d2,,,B19,,,?,,,,
S001112308,SE-24-1088_P01_d2,B05,AC:AC,0.45739,1.4155,snpSB00804,LB_0824_034_d2,,,F19,,,AC:AC,,,,
S001112308,SE-24-1088_P01_d2,C05,AC:AC,0.51445,1.21676,snpSB00804,LB_0824_035_d2,,,J19,,,?,,,,
S001112308,SE-24-1088_P01_d2,D05,-:-,2.35275,0.40455,snpSB00804,LB_0824_036_d2,,,N19,,,-:-,,,,
S001112308,SE-24-1088_P01_d2,E05,AC:AC,0.46473,1.18166,snpSB00804,LB_0824_037_d2,,,R19,,,?,,,,
S001112308,SE-24-1088_P01_d2,F05,AC:AC,0.45359,1.27594,snpSB00804,LB_0824_038_d2,,,V19,,,?,,,,
S001112308,SE-24-1088_P01_d2,G05,AC:AC,0.50419,1.56173,snpSB00804,LB_0824_039_d2,,,Z19,,,AC:AC,,,,
S001112308,SE-24-1088_P01_d2,H05,AC:AC,0.50191,1.25605,snpSB00804,LB_0824_040_d2,,,AD19,,,?,,,,
S001112308,SE-24-1088_P01_d2,A06,-:-,1.91595,0.37811,snpSB00804,LB_0824_041_d2,,,B23,,,-:-,,,,
S001112308,SE-24-1088_P01_d2,B06,-:-,2.40467,0.43837,snpSB00804,LB_0824_042_d2,,,F23,,,-:-,,,,
S001112308,SE-24-1088_P01_d2,C06,-:-,2.14605,0.40497,snpSB00804,LB_0824_043_d2,,,J23,,,-:-,,,,
S001112308,SE-24-1088_P01_d2,D06,AC:AC,0.54381,1.28857,snpSB00804,LB_0824_044_d2,,,N23,,,?,,,,
S001112308,SE-24-1088_P01_d2,E06,AC:AC,0.48943,1.05322,snpSB00804,LB_0824_045_d2,,,R23,,,?,,,,
S001112308,SE-24-1088_P01_d2,F06,AC:AC,0.53076,1.23718,snpSB00804,LB_0824_046_d2,,,V23,,,AC:AC,,,,
S001112308,SE-24-1088_P01_d2,G06,AC:AC,0.45346,1.1803,snpSB00804,LB_0824_047_d2,,,Z23,,,?,,,,
S001112308,SE-24-1088_P01_d2,H06,-:-,2.10354,0.38962,snpSB00804,LB_0824_048_d2,,,AD23,,,-:-,,,,
S001112308,SE-24-1088_P01_d2,A07,AC:AC,0.44124,1.26204,snpSB00804,LB_0824_049_d2,,,B27,,,?,,,,
S001112308,SE-24-1088_P01_d2,B07,AC:AC,0.50235,0.80819,snpSB00804,LB_0824_050_d2,,,F27,,,?,,,,
S001112308,SE-24-1088_P01_d2,C07,AC:AC,0.46315,1.48139,snpSB00804,LB_0824_051_d2,,,J27,,,?,,,,
S001112308,SE-24-1088_P01_d2,D07,-:-,2.19954,0.39245,snpSB00804,LB_0824_052_d2,,,N27,,,-:-,,,,
S001112308,SE-24-1088_P01_d2,E07,AC:AC,0.48646,1.08276,snpSB00804,LB_0824_053_d2,,,R27,,,?,,,,
S001112308,SE-24-1088_P01_d2,F07,AC:AC,0.48133,1.20183,snpSB00804,LB_0824_054_d2,,,V27,,,?,,,,
S001112308,SE-24-1088_P01_d2,G07,AC:AC,0.42799,1.26721,snpSB00804,LB_0824_055_d2,,,Z27,,,?,,,,
S001112308,SE-24-1088_P01_d2,H07,AC:AC,0.49056,1.13171,snpSB00804,LB_0824_056_d2,,,AD27,,,?,,,,
S001112308,SE-24-1088_P01_d2,A08,AC:AC,0.44181,1.20458,snpSB00804,LB_0824_057_d2,,,B31,,,AC:AC,,,,
S001112308,SE-24-1088_P01_d2,B08,AC:AC,0.47612,1.29043,snpSB00804,LB_0824_058_d2,,,F31,,,?,,,,
S001112308,SE-24-1088_P01_d2,C08,AC:AC,0.41699,1.19257,snpSB00804,LB_0824_059_d2,,,J31,,,AC:AC,,,,
S001112308,SE-24-1088_P01_d2,D08,AC:AC,0.44374,1.42106,snpSB00804,LB_0824_060_d2,,,N31,,,?,,,,
S001112308,SE-24-1088_P01_d2,E08,AC:AC,0.48065,1.37959,snpSB00804,LB_0824_061_d2,,,R31,,,?,,,,
S001112308,SE-24-1088_P01_d2,F08,AC:-,1.22721,0.83762,snpSB00804,LB_0824_062_d2,,,V31,,,-:-,,,,
S001112308,SE-24-1088_P01_d2,G08,AC:AC,0.46976,1.30134,snpSB00804,LB_0824_063_d2,,,Z31,,,?,,,,
S001112308,SE-24-1088_P01_d2,H08,AC:AC,0.53232,1.1923,snpSB00804,LB_0824_064_d2,,,AD31,,,AC:AC,,,,
S001112308,SE-24-1088_P01_d2,A09,AC:AC,0.48274,1.34072,snpSB00804,LB_0824_065_d2,,,B35,,,?,,,,
S001112308,SE-24-1088_P01_d2,B09,AC:AC,0.46559,1.38917,snpSB00804,LB_0824_066_d2,,,F35,,,?,,,,
S001112308,SE-24-1088_P01_d2,C09,AC:-,1.27672,0.66743,snpSB00804,LB_0824_067_d2,,,J35,,,AC:-,,,,
S001112308,SE-24-1088_P01_d2,D09,AC:AC,0.51474,1.34609,snpSB00804,LB_0824_068_d2,,,N35,,,?,,,,
S001112308,SE-24-1088_P01_d2,E09,AC:-,1.46101,0.71879,snpSB00804,LB_0824_069_d2,,,R35,,,AC:-,,,,
S001112308,SE-24-1088_P01_d2,F09,AC:AC,0.49533,1.35769,snpSB00804,LB_0824_070_d2,,,V35,,,?,,,,
S001112308,SE-24-1088_P01_d2,G09,AC:AC,0.45191,1.33199,snpSB00804,LB_0824_071_d2,,,Z35,,,AC:AC,,,,
S001112308,SE-24-1088_P01_d2,H09,AC:AC,0.4176,0.97421,snpSB00804,LB_0824_072_d2,,,AD35,,,?,,,,
S001112308,SE-24-1088_P01_d2,A10,AC:AC,0.45279,1.30291,snpSB00804,LB_0824_073_d2,,,B39,,,?,,,,
S001112308,SE-24-1088_P01_d2,B10,AC:AC,0.45978,1.42472,snpSB00804,LB_0824_074_d2,,,F39,,,?,,,,
S001112308,SE-24-1088_P01_d2,C10,AC:AC,0.49003,1.42386,snpSB00804,LB_0824_075_d2,,,J39,,,?,,,,
S001112308,SE-24-1088_P01_d2,D10,AC:AC,0.47694,1.30215,snpSB00804,LB_0824_076_d2,,,N39,,,?,,,,
S001112308,SE-24-1088_P01_d2,E10,AC:AC,0.48448,1.23088,snpSB00804,LB_0824_077_d2,,,R39,,,?,,,,
S001112308,SE-24-1088_P01_d2,F10,AC:AC,0.47098,1.46213,snpSB00804,LB_0824_078_d2,,,V39,,,?,,,,
S001112308,SE-24-1088_P01_d2,G10,AC:AC,0.48604,1.38281,snpSB00804,LB_0824_079_d2,,,Z39,,,AC:AC,,,,
S001112308,SE-24-1088_P01_d2,H10,AC:AC,0.42846,1.46215,snpSB00804,LB_0824_080_d2,,,AD39,,,?,,,,
S001112308,SE-24-1088_P01_d2,A11,AC:AC,0.46149,1.37217,snpSB00804,LB_0824_081_d2,,,B43,,,?,,,,
S001112308,SE-24-1088_P01_d2,B11,AC:AC,0.43655,1.35432,snpSB00804,LB_0824_082_d2,,,F43,,,?,,,,
S001112308,SE-24-1088_P01_d2,C11,AC:AC,0.42792,1.35488,snpSB00804,LB_0824_083_d2,,,J43,,,?,,,,
S001112308,SE-24-1088_P01_d2,D11,AC:AC,0.4594,1.36396,snpSB00804,LB_0824_084_d2,,,N43,,,AC:AC,,,,
S001112308,SE-24-1088_P01_d2,E11,AC:AC,0.4464,1.28569,snpSB00804,LB_0824_085_d2,,,R43,,,?,,,,
S001112308,SE-24-1088_P01_d2,F11,?,0.52675,0.29399,snpSB00804,LB_0824_086_d2,,,V43,,,?,,,,
S001112308,SE-24-1088_P01_d2,G11,AC:AC,0.4523,1.4523,snpSB00804,LB_0824_087_d2,,,Z43,,,?,,,,
S001112308,SE-24-1088_P01_d2,H11,NTC,0.59037,0.33507,snpSB00804,BLANK_d2,,,AD43,,,NTC,,,,
S001112308,SE-24-1088_P01_d2,A12,AC:AC,0.44772,1.48808,snpSB00804,LB_0824_088_d2,,,B47,,,?,,,,
S001112308,SE-24-1088_P01_d2,B12,AC:AC,0.45666,1.47362,snpSB00804,LB_0824_089_d2,,,F47,,,?,,,,
S001112308,SE-24-1088_P01_d2,C12,AC:-,1.44831,0.76681,snpSB00804,LB_0824_090_d2,,,J47,,,AC:-,,,,
S001112308,SE-24-1088_P01_d2,D12,AC:AC,0.43217,1.44215,snpSB00804,LB_0824_091_d2,,,N47,,,?,,,,
S001112308,SE-24-1088_P01_d2,E12,AC:AC,0.48299,1.23948,snpSB00804,LB_0824_092_d2,,,R47,,,?,,,,
S001112308,SE-24-1088_P01_d2,F12,AC:AC,0.42163,1.33103,snpSB00804,LB_0824_093_d2,,,V47,,,AC:AC,,,,
S001112308,SE-24-1088_P01_d2,G12,AC:-,1.46535,0.88359,snpSB00804,LB_0824_094_d2,,,Z47,,,AC:-,,,,
S001112308,SE-24-1088_P01_d2,H12,NTC,0.56884,0.29029,snpSB00804,BLANK_d2,,,AD47,,,NTC,,,,
S001112308,SE-24-1088_P01_d1,A01,C:C,2.47618,0.48067,snpSB00805,LB_0824_001_d1,,,B02,,,C:C,,,,
S001112308,SE-24-1088_P01_d1,B01,C:C,2.3111,0.45378,snpSB00805,LB_0824_002_d1,,,F02,,,C:C,,,,
S001112308,SE-24-1088_P01_d1,C01,T:T,0.45297,1.41545,snpSB00805,LB_0824_003_d1,,,J02,,,T:T,,,,
S001112308,SE-24-1088_P01_d1,D01,C:C,2.36614,0.47183,snpSB00805,LB_0824_004_d1,,,N02,,,?,,,,
S001112308,SE-24-1088_P01_d1,E01,C:C,2.45667,0.48514,snpSB00805,LB_0824_005_d1,,,R02,,,T:C,,,,
S001112308,SE-24-1088_P01_d1,F01,?,0.5676,0.3111,snpSB00805,LB_0824_006_d1,,,V02,,,?,,,,
S001112308,SE-24-1088_P01_d1,G01,T:T,0.45508,1.47309,snpSB00805,LB_0824_007_d1,,,Z02,,,?,,,,
S001112308,SE-24-1088_P01_d1,H01,C:C,2.58091,0.4538,snpSB00805,LB_0824_008_d1,,,AD02,,,?,,,,
S001112308,SE-24-1088_P01_d1,A02,C:C,2.465,0.47437,snpSB00805,LB_0824_009_d1,,,B06,,,?,,,,
S001112308,SE-24-1088_P01_d1,B02,T:C,1.03124,1.02574,snpSB00805,LB_0824_010_d1,,,F06,,,?,,,,
S001112308,SE-24-1088_P01_d1,C02,C:C,2.306,0.45045,snpSB00805,LB_0824_011_d1,,,J06,,,C:C,,,,
S001112308,SE-24-1088_P01_d1,D02,T:C,1.12057,0.80061,snpSB00805,LB_0824_012_d1,,,N06,,,?,,,,
S001112308,SE-24-1088_P01_d1,E02,T:C,1.22555,1.00643,snpSB00805,LB_0824_013_d1,,,R06,,,?,,,,
S001112308,SE-24-1088_P01_d1,F02,?,0.5876,0.3384,snpSB00805,LB_0824_014_d1,,,V06,,,?,,,,
S001112308,SE-24-1088_P01_d1,G02,?,0.58681,0.31271,snpSB00805,LB_0824_015_d1,,,Z06,,,?,,,,
S001112308,SE-24-1088_P01_d1,H02,?,0.59163,0.30886,snpSB00805,LB_0824_016_d1,,,AD06,,,?,,,,
S001112308,SE-24-1088_P01_d1,A03,C:C,2.19029,0.45348,snpSB00805,LB_0824_017_d1,,,B10,,,?,,,,
S001112308,SE-24-1088_P01_d1,B03,C:C,2.12824,0.43928,snpSB00805,LB_0824_018_d1,,,F10,,,C:C,,,,
S001112308,SE-24-1088_P01_d1,C03,C:C,2.27349,0.4938,snpSB00805,LB_0824_019_d1,,,J10,,,T:C,,,,
S001112308,SE-24-1088_P01_d1,D03,T:C,1.14477,0.97827,snpSB00805,LB_0824_020_d1,,,N10,,,?,,,,
S001112308,SE-24-1088_P01_d1,E03,C:C,2.13508,0.48091,snpSB00805,LB_0824_021_d1,,,R10,,,?,,,,
S001112308,SE-24-1088_P01_d1,F03,C:C,2.33539,0.46464,snpSB00805,LB_0824_022_d1,,,V10,,,T:C,,,,
S001112308,SE-24-1088_P01_d1,G03,C:C,2.48854,0.51531,snpSB00805,LB_0824_023_d1,,,Z10,,,C:C,,,,
S001112308,SE-24-1088_P01_d1,H03,C:C,2.18658,0.4044,snpSB00805,LB_0824_024_d1,,,AD10,,,?,,,,
S001112308,SE-24-1088_P01_d1,A04,T:T,0.45536,1.2866,snpSB00805,LB_0824_025_d1,,,B14,,,?,,,,
S001112308,SE-24-1088_P01_d1,B04,C:C,2.29011,0.48727,snpSB00805,LB_0824_026_d1,,,F14,,,C:C,,,,
S001112308,SE-24-1088_P01_d1,C04,T:T,0.45015,1.25702,snpSB00805,LB_0824_027_d1,,,J14,,,T:T,,,,
S001112308,SE-24-1088_P01_d1,D04,T:T,0.55974,1.1941,snpSB00805,LB_0824_028_d1,,,N14,,,?,,,,
S001112308,SE-24-1088_P01_d1,E04,?,0.58321,0.31888,snpSB00805,LB_0824_029_d1,,,R14,,,?,,,,
S001112308,SE-24-1088_P01_d1,F04,?,0.58829,0.34161,snpSB00805,LB_0824_030_d1,,,V14,,,?,,,,
S001112308,SE-24-1088_P01_d1,G04,C:C,2.06642,0.48315,snpSB00805,LB_0824_031_d1,,,Z14,,,?,,,,
S001112308,SE-24-1088_P01_d1,H04,T:T,0.54525,0.96111,snpSB00805,LB_0824_032_d1,,,AD14,,,?,,,,
S001112308,SE-24-1088_P01_d1,A05,T:C,0.95245,0.97632,snpSB00805,LB_0824_033_d1,,,B18,,,?,,,,
S001112308,SE-24-1088_P01_d1,B05,C:C,2.14884,0.43555,snpSB00805,LB_0824_034_d1,,,F18,,,T:T,,,,
S001112308,SE-24-1088_P01_d1,C05,C:C,2.18935,0.47506,snpSB00805,LB_0824_035_d1,,,J18,,,?,,,,
S001112308,SE-24-1088_P01_d1,D05,C:C,1.92269,0.4212,snpSB00805,LB_0824_036_d1,,,N18,,,?,,,,
S001112308,SE-24-1088_P01_d1,E05,T:T,0.50524,1.20189,snpSB00805,LB_0824_037_d1,,,R18,,,?,,,,
S001112308,SE-24-1088_P01_d1,F05,C:C,1.98061,0.41862,snpSB00805,LB_0824_038_d1,,,V18,,,T:C,,,,
S001112308,SE-24-1088_P01_d1,G05,C:C,1.98881,0.42612,snpSB00805,LB_0824_039_d1,,,Z18,,,T:T,,,,
S001112308,SE-24-1088_P01_d1,H05,T:T,0.52513,1.17545,snpSB00805,LB_0824_040_d1,,,AD18,,,?,,,,
S001112308,SE-24-1088_P01_d1,A06,?,0.61025,0.31625,snpSB00805,LB_0824_041_d1,,,B22,,,?,,,,
S001112308,SE-24-1088_P01_d1,B06,T:T,0.46197,1.18669,snpSB00805,LB_0824_042_d1,,,F22,,,?,,,,
S001112308,SE-24-1088_P01_d1,C06,T:T,0.47744,1.18399,snpSB00805,LB_0824_043_d1,,,J22,,,?,,,,
S001112308,SE-24-1088_P01_d1,D06,T:T,0.50941,1.16571,snpSB00805,LB_0824_044_d1,,,N22,,,?,,,,
S001112308,SE-24-1088_P01_d1,E06,C:C,1.88175,0.51169,snpSB00805,LB_0824_045_d1,,,R22,,,?,,,,
S001112308,SE-24-1088_P01_d1,F06,C:C,1.9952,0.40434,snpSB00805,LB_0824_046_d1,,,V22,,,T:T,,,,
S001112308,SE-24-1088_P01_d1,G06,C:C,2.02809,0.43487,snpSB00805,LB_0824_047_d1,,,Z22,,,T:C,,,,
S001112308,SE-24-1088_P01_d1,H06,?,0.58033,0.29586,snpSB00805,LB_0824_048_d1,,,AD22,,,?,,,,
S001112308,SE-24-1088_P01_d1,A07,T:T,0.47623,1.29191,snpSB00805,LB_0824_049_d1,,,B26,,,?,,,,
S001112308,SE-24-1088_P01_d1,B07,C:C,1.93146,0.44502,snpSB00805,LB_0824_050_d1,,,F26,,,C:C,,,,
S001112308,SE-24-1088_P01_d1,C07,C:C,2.04728,0.44645,snpSB00805,LB_0824_051_d1,,,J26,,,?,,,,
S001112308,SE-24-1088_P01_d1,D07,?,0.60041,0.34295,snpSB00805,LB_0824_052_d1,,,N26,,,?,,,,
S001112308,SE-24-1088_P01_d1,E07,T:T,0.47698,1.09488,snpSB00805,LB_0824_053_d1,,,R26,,,?,,,,
S001112308,SE-24-1088_P01_d1,F07,C:C,1.85198,0.47093,snpSB00805,LB_0824_054_d1,,,V26,,,T:C,,,,
S001112308,SE-24-1088_P01_d1,G07,C:C,2.19955,0.43745,snpSB00805,LB_0824_055_d1,,,Z26,,,?,,,,
S001112308,SE-24-1088_P01_d1,H07,?,0.58151,0.29623,snpSB00805,LB_0824_056_d1,,,AD26,,,?,,,,
S001112308,SE-24-1088_P01_d1,A08,T:T,0.44096,1.12783,snpSB00805,LB_0824_057_d1,,,B30,,,T:T,,,,
S001112308,SE-24-1088_P01_d1,B08,C:C,1.95631,0.46961,snpSB00805,LB_0824_058_d1,,,F30,,,C:C,,,,
S001112308,SE-24-1088_P01_d1,C08,C:C,1.98709,0.42243,snpSB00805,LB_0824_059_d1,,,J30,,,T:T,,,,
S001112308,SE-24-1088_P01_d1,D08,C:C,1.83632,0.41101,snpSB00805,LB_0824_060_d1,,,N30,,,?,,,,
S001112308,SE-24-1088_P01_d1,E08,C:C,1.69169,0.35358,snpSB00805,LB_0824_061_d1,,,R30,,,?,,,,
S001112308,SE-24-1088_P01_d1,F08,C:C,1.94413,0.43881,snpSB00805,LB_0824_062_d1,,,V30,,,?,,,,
S001112308,SE-24-1088_P01_d1,G08,?,0.60092,0.33142,snpSB00805,LB_0824_063_d1,,,Z30,,,?,,,,
S001112308,SE-24-1088_P01_d1,H08,C:C,2.02163,0.44691,snpSB00805,LB_0824_064_d1,,,AD30,,,T:T,,,,
S001112308,SE-24-1088_P01_d1,A09,T:C,0.98204,0.88695,snpSB00805,LB_0824_065_d1,,,B34,,,?,,,,
S001112308,SE-24-1088_P01_d1,B09,C:C,2.05805,0.44281,snpSB00805,LB_0824_066_d1,,,F34,,,T:C,,,,
S001112308,SE-24-1088_P01_d1,C09,C:C,2.04215,0.39917,snpSB00805,LB_0824_067_d1,,,J34,,,?,,,,
S001112308,SE-24-1088_P01_d1,D09,T:T,0.47397,1.33295,snpSB00805,LB_0824_068_d1,,,N34,,,?,,,,
S001112308,SE-24-1088_P01_d1,E09,C:C,1.91143,0.44261,snpSB00805,LB_0824_069_d1,,,R34,,,?,,,,
S001112308,SE-24-1088_P01_d1,F09,T:T,0.45287,1.25067,snpSB00805,LB_0824_070_d1,,,V34,,,?,,,,
S001112308,SE-24-1088_P01_d1,G09,T:T,0.46978,1.08277,snpSB00805,LB_0824_071_d1,,,Z34,,,T:T,,,,
S001112308,SE-24-1088_P01_d1,H09,C:C,2.13725,0.44254,snpSB00805,LB_0824_072_d1,,,AD34,,,?,,,,
S001112308,SE-24-1088_P01_d1,A10,C:C,1.76186,0.39041,snpSB00805,LB_0824_073_d1,,,B38,,,?,,,,
S001112308,SE-24-1088_P01_d1,B10,T:C,0.95135,0.93227,snpSB00805,LB_0824_074_d1,,,F38,,,?,,,,
S001112308,SE-24-1088_P01_d1,C10,T:T,0.45551,1.29655,snpSB00805,LB_0824_075_d1,,,J38,,,?,,,,
S001112308,SE-24-1088_P01_d1,D10,C:C,2.00938,0.48123,snpSB00805,LB_0824_076_d1,,,N38,,,C:C,,,,
S001112308,SE-24-1088_P01_d1,E10,C:C,2.07005,0.41788,snpSB00805,LB_0824_077_d1,,,R38,,,?,,,,
S001112308,SE-24-1088_P01_d1,F10,C:C,2.23107,0.44561,snpSB00805,LB_0824_078_d1,,,V38,,,C:C,,,,
S001112308,SE-24-1088_P01_d1,G10,T:T,0.5237,1.28693,snpSB00805,LB_0824_079_d1,,,Z38,,,T:T,,,,
S001112308,SE-24-1088_P01_d1,H10,C:C,2.47289,0.44973,snpSB00805,LB_0824_080_d1,,,AD38,,,T:C,,,,
S001112308,SE-24-1088_P01_d1,A11,C:C,2.06581,0.44721,snpSB00805,LB_0824_081_d1,,,B42,,,C:C,,,,
S001112308,SE-24-1088_P01_d1,B11,T:C,1.00386,1.05872,snpSB00805,LB_0824_082_d1,,,F42,,,?,,,,
S001112308,SE-24-1088_P01_d1,C11,T:T,0.45479,1.50581,snpSB00805,LB_0824_083_d1,,,J42,,,?,,,,
S001112308,SE-24-1088_P01_d1,D11,T:T,0.53851,1.25414,snpSB00805,LB_0824_084_d1,,,N42,,,T:T,,,,
S001112308,SE-24-1088_P01_d1,E11,C:C,2.09151,0.45878,snpSB00805,LB_0824_085_d1,,,R42,,,C:C,,,,
S001112308,SE-24-1088_P01_d1,F11,?,0.57212,0.32162,snpSB00805,LB_0824_086_d1,,,V42,,,?,,,,
S001112308,SE-24-1088_P01_d1,G11,C:C,2.24408,0.4311,snpSB00805,LB_0824_087_d1,,,Z42,,,?,,,,
S001112308,SE-24-1088_P01_d1,H11,NTC,0.58809,0.31515,snpSB00805,BLANK_d1,,,AD42,,,NTC,,,,
S001112308,SE-24-1088_P01_d1,A12,T:C,0.99442,0.86725,snpSB00805,LB_0824_088_d1,,,B46,,,?,,,,
S001112308,SE-24-1088_P01_d1,B12,T:T,0.42691,1.31462,snpSB00805,LB_0824_089_d1,,,F46,,,?,,,,
S001112308,SE-24-1088_P01_d1,C12,C:C,2.24263,0.45016,snpSB00805,LB_0824_090_d1,,,J46,,,?,,,,
S001112308,SE-24-1088_P01_d1,D12,C:C,2.18899,0.43361,snpSB00805,LB_0824_091_d1,,,N46,,,?,,,,
S001112308,SE-24-1088_P01_d1,E12,C:C,2.03971,0.40159,snpSB00805,LB_0824_092_d1,,,R46,,,?,,,,
S001112308,SE-24-1088_P01_d1,F12,C:C,2.1307,0.44107,snpSB00805,LB_0824_093_d1,,,V46,,,T:T,,,,
S001112308,SE-24-1088_P01_d1,G12,C:C,2.28663,0.45374,snpSB00805,LB_0824_094_d1,,,Z46,,,?,,,,
S001112308,SE-24-1088_P01_d1,H12,NTC,0.61149,0.30705,snpSB00805,BLANK_d1,,,AD46,,,NTC,,,,
S001112308,SE-24-1088_P01_d2,A01,C:C,2.41241,0.50929,snpSB00805,LB_0824_001_d2,,,B04,,,C:C,,,,
S001112308,SE-24-1088_P01_d2,B01,C:C,2.3927,0.48055,snpSB00805,LB_0824_002_d2,,,F04,,,C:C,,,,
S001112308,SE-24-1088_P01_d2,C01,T:T,0.45265,1.4058,snpSB00805,LB_0824_003_d2,,,J04,,,T:T,,,,
S001112308,SE-24-1088_P01_d2,D01,C:C,2.45845,0.48471,snpSB00805,LB_0824_004_d2,,,N04,,,?,,,,
S001112308,SE-24-1088_P01_d2,E01,C:C,2.51757,0.48933,snpSB00805,LB_0824_005_d2,,,R04,,,T:C,,,,
S001112308,SE-24-1088_P01_d2,F01,?,0.58175,0.3394,snpSB00805,LB_0824_006_d2,,,V04,,,?,,,,
S001112308,SE-24-1088_P01_d2,G01,T:T,0.49728,1.45786,snpSB00805,LB_0824_007_d2,,,Z04,,,?,,,,
S001112308,SE-24-1088_P01_d2,H01,C:C,2.41309,0.46489,snpSB00805,LB_0824_008_d2,,,AD04,,,?,,,,
S001112308,SE-24-1088_P01_d2,A02,C:C,2.20325,0.46542,snpSB00805,LB_0824_009_d2,,,B08,,,?,,,,
S001112308,SE-24-1088_P01_d2,B02,T:C,1.15774,1.0009,snpSB00805,LB_0824_010_d2,,,F08,,,?,,,,
S001112308,SE-24-1088_P01_d2,C02,C:C,2.38504,0.4699,snpSB00805,LB_0824_011_d2,,,J08,,,C:C,,,,
S001112308,SE-24-1088_P01_d2,D02,C:C,2.03575,0.42439,snpSB00805,LB_0824_012_d2,,,N08,,,?,,,,
S001112308,SE-24-1088_P01_d2,E02,T:C,1.18008,0.93565,snpSB00805,LB_0824_013_d2,,,R08,,,?,,,,
S001112308,SE-24-1088_P01_d2,F02,?,0.56632,0.30192,snpSB00805,LB_0824_014_d2,,,V08,,,?,,,,
S001112308,SE-24-1088_P01_d2,G02,?,0.58175,0.31749,snpSB00805,LB_0824_015_d2,,,Z08,,,?,,,,
S001112308,SE-24-1088_P01_d2,H02,?,0.59771,0.33218,snpSB00805,LB_0824_016_d2,,,AD08,,,?,,,,
S001112308,SE-24-1088_P01_d2,A03,C:C,2.21068,0.45957,snpSB00805,LB_0824_017_d2,,,B12,,,?,,,,
S001112308,SE-24-1088_P01_d2,B03,C:C,2.28673,0.44147,snpSB00805,LB_0824_018_d2,,,F12,,,C:C,,,,
S001112308,SE-24-1088_P01_d2,C03,C:C,2.40125,0.46145,snpSB00805,LB_0824_019_d2,,,J12,,,T:C,,,,
S001112308,SE-24-1088_P01_d2,D03,T:C,1.21746,0.83016,snpSB00805,LB_0824_020_d2,,,N12,,,?,,,,
S001112308,SE-24-1088_P01_d2,E03,C:C,2.14052,0.40068,snpSB00805,LB_0824_021_d2,,,R12,,,?,,,,
S001112308,SE-24-1088_P01_d2,F03,C:C,2.33593,0.44082,snpSB00805,LB_0824_022_d2,,,V12,,,T:C,,,,
S001112308,SE-24-1088_P01_d2,G03,C:C,2.26164,0.44173,snpSB00805,LB_0824_023_d2,,,Z12,,,C:C,,,,
S001112308,SE-24-1088_P01_d2,H03,C:C,2.28522,0.45794,snpSB00805,LB_0824_024_d2,,,AD12,,,?,,,,
S001112308,SE-24-1088_P01_d2,A04,T:T,0.49394,1.35089,snpSB00805,LB_0824_025_d2,,,B16,,,?,,,,
S001112308,SE-24-1088_P01_d2,B04,C:C,2.1053,0.48747,snpSB00805,LB_0824_026_d2,,,F16,,,C:C,,,,
S001112308,SE-24-1088_P01_d2,C04,T:T,0.46843,1.41795,snpSB00805,LB_0824_027_d2,,,J16,,,T:T,,,,
S001112308,SE-24-1088_P01_d2,D04,T:T,0.53436,1.23346,snpSB00805,LB_0824_028_d2,,,N16,,,?,,,,
S001112308,SE-24-1088_P01_d2,E04,?,0.56708,0.3133,snpSB00805,LB_0824_029_d2,,,R16,,,?,,,,
S001112308,SE-24-1088_P01_d2,F04,?,0.56166,0.30421,snpSB00805,LB_0824_030_d2,,,V16,,,?,,,,
S001112308,SE-24-1088_P01_d2,G04,C:C,2.27744,0.43877,snpSB00805,LB_0824_031_d2,,,Z16,,,?,,,,
S001112308,SE-24-1088_P01_d2,H04,T:T,0.48559,1.1127,snpSB00805,LB_0824_032_d2,,,AD16,,,?,,,,
S001112308,SE-24-1088_P01_d2,A05,T:C,1.08352,0.98537,snpSB00805,LB_0824_033_d2,,,B20,,,?,,,,
S001112308,SE-24-1088_P01_d2,B05,C:C,2.33233,0.49003,snpSB00805,LB_0824_034_d2,,,F20,,,T:T,,,,
S001112308,SE-24-1088_P01_d2,C05,C:C,2.06215,0.42406,snpSB00805,LB_0824_035_d2,,,J20,,,?,,,,
S001112308,SE-24-1088_P01_d2,D05,C:C,1.66422,0.40694,snpSB00805,LB_0824_036_d2,,,N20,,,?,,,,
S001112308,SE-24-1088_P01_d2,E05,T:T,0.4608,0.85641,snpSB00805,LB_0824_037_d2,,,R20,,,?,,,,
S001112308,SE-24-1088_P01_d2,F05,C:C,1.93496,0.41955,snpSB00805,LB_0824_038_d2,,,V20,,,T:C,,,,
S001112308,SE-24-1088_P01_d2,G05,C:C,2.03368,0.4033,snpSB00805,LB_0824_039_d2,,,Z20,,,T:T,,,,
S001112308,SE-24-1088_P01_d2,H05,T:T,0.49089,1.2137,snpSB00805,LB_0824_040_d2,,,AD20,,,?,,,,
S001112308,SE-24-1088_P01_d2,A06,?,0.58792,0.28307,snpSB00805,LB_0824_041_d2,,,B24,,,?,,,,
S001112308,SE-24-1088_P01_d2,B06,?,0.59401,0.32839,snpSB00805,LB_0824_042_d2,,,F24,,,?,,,,
S001112308,SE-24-1088_P01_d2,C06,?,0.58579,0.31774,snpSB00805,LB_0824_043_d2,,,J24,,,?,,,,
S001112308,SE-24-1088_P01_d2,D06,T:T,0.48418,1.17869,snpSB00805,LB_0824_044_d2,,,N24,,,?,,,,
S001112308,SE-24-1088_P01_d2,E06,C:C,1.81995,0.39545,snpSB00805,LB_0824_045_d2,,,R24,,,?,,,,
S001112308,SE-24-1088_P01_d2,F06,C:C,1.74065,0.38812,snpSB00805,LB_0824_046_d2,,,V24,,,T:T,,,,
S001112308,SE-24-1088_P01_d2,G06,C:C,2.04321,0.43331,snpSB00805,LB_0824_047_d2,,,Z24,,,T:C,,,,
S001112308,SE-24-1088_P01_d2,H06,Uncallable,1.50929,0.50203,snpSB00805,LB_0824_048_d2,,,AD24,,,?,,,,
S001112308,SE-24-1088_P01_d2,A07,T:T,0.50104,1.19574,snpSB00805,LB_0824_049_d2,,,B28,,,?,,,,
S001112308,SE-24-1088_P01_d2,B07,C:C,1.86378,0.42912,snpSB00805,LB_0824_050_d2,,,F28,,,C:C,,,,
S001112308,SE-24-1088_P01_d2,C07,C:C,2.10289,0.47006,snpSB00805,LB_0824_051_d2,,,J28,,,?,,,,
S001112308,SE-24-1088_P01_d2,D07,?,0.54179,0.29826,snpSB00805,LB_0824_052_d2,,,N28,,,?,,,,
S001112308,SE-24-1088_P01_d2,E07,T:T,0.49273,1.15767,snpSB00805,LB_0824_053_d2,,,R28,,,?,,,,
S001112308,SE-24-1088_P01_d2,F07,C:C,1.92943,0.4079,snpSB00805,LB_0824_054_d2,,,V28,,,T:C,,,,
S001112308,SE-24-1088_P01_d2,G07,C:C,2.09232,0.42379,snpSB00805,LB_0824_055_d2,,,Z28,,,?,,,,
S001112308,SE-24-1088_P01_d2,H07,?,0.57033,0.30641,snpSB00805,LB_0824_056_d2,,,AD28,,,?,,,,
S001112308,SE-24-1088_P01_d2,A08,T:T,0.44709,0.92555,snpSB00805,LB_0824_057_d2,,,B32,,,T:T,,,,
S001112308,SE-24-1088_P01_d2,B08,C:C,2.09718,0.43094,snpSB00805,LB_0824_058_d2,,,F32,,,C:C,,,,
S001112308,SE-24-1088_P01_d2,C08,C:C,2.11643,0.46281,snpSB00805,LB_0824_059_d2,,,J32,,,T:T,,,,
S001112308,SE-24-1088_P01_d2,D08,?,0.56181,0.28664,snpSB00805,LB_0824_060_d2,,,N32,,,?,,,,
S001112308,SE-24-1088_P01_d2,E08,?,0.57723,0.30825,snpSB00805,LB_0824_061_d2,,,R32,,,?,,,,
S001112308,SE-24-1088_P01_d2,F08,C:C,2.20629,0.46109,snpSB00805,LB_0824_062_d2,,,V32,,,?,,,,
S001112308,SE-24-1088_P01_d2,G08,?,0.59127,0.31803,snpSB00805,LB_0824_063_d2,,,Z32,,,?,,,,
S001112308,SE-24-1088_P01_d2,H08,C:C,1.93886,0.38959,snpSB00805,LB_0824_064_d2,,,AD32,,,T:T,,,,
S001112308,SE-24-1088_P01_d2,A09,T:C,1.06018,0.81485,snpSB00805,LB_0824_065_d2,,,B36,,,?,,,,
S001112308,SE-24-1088_P01_d2,B09,C:C,2.12882,0.44327,snpSB00805,LB_0824_066_d2,,,F36,,,T:C,,,,
S001112308,SE-24-1088_P01_d2,C09,C:C,1.99131,0.42252,snpSB00805,LB_0824_067_d2,,,J36,,,?,,,,
S001112308,SE-24-1088_P01_d2,D09,T:T,0.49422,1.26408,snpSB00805,LB_0824_068_d2,,,N36,,,?,,,,
S001112308,SE-24-1088_P01_d2,E09,C:C,2.01686,0.421,snpSB00805,LB_0824_069_d2,,,R36,,,?,,,,
S001112308,SE-24-1088_P01_d2,F09,T:T,0.53198,1.30961,snpSB00805,LB_0824_070_d2,,,V36,,,?,,,,
S001112308,SE-24-1088_P01_d2,G09,T:T,0.54318,1.31802,snpSB00805,LB_0824_071_d2,,,Z36,,,T:T,,,,
S001112308,SE-24-1088_P01_d2,H09,C:C,2.26345,0.45707,snpSB00805,LB_0824_072_d2,,,AD36,,,?,,,,
S001112308,SE-24-1088_P01_d2,A10,C:C,1.95898,0.41102,snpSB00805,LB_0824_073_d2,,,B40,,,?,,,,
S001112308,SE-24-1088_P01_d2,B10,T:C,0.97817,0.9623,snpSB00805,LB_0824_074_d2,,,F40,,,?,,,,
S001112308,SE-24-1088_P01_d2,C10,T:T,0.46642,1.30682,snpSB00805,LB_0824_075_d2,,,J40,,,?,,,,
S001112308,SE-24-1088_P01_d2,D10,C:C,2.31456,0.48696,snpSB00805,LB_0824_076_d2,,,N40,,,C:C,,,,
S001112308,SE-24-1088_P01_d2,E10,C:C,2.00913,0.40392,snpSB00805,LB_0824_077_d2,,,R40,,,?,,,,
S001112308,SE-24-1088_P01_d2,F10,C:C,2.30884,0.46823,snpSB00805,LB_0824_078_d2,,,V40,,,C:C,,,,
S001112308,SE-24-1088_P01_d2,G10,T:T,0.50461,1.34146,snpSB00805,LB_0824_079_d2,,,Z40,,,T:T,,,,
S001112308,SE-24-1088_P01_d2,H10,C:C,2.23869,0.454,snpSB00805,LB_0824_080_d2,,,AD40,,,T:C,,,,
S001112308,SE-24-1088_P01_d2,A11,C:C,2.12675,0.46822,snpSB00805,LB_0824_081_d2,,,B44,,,C:C,,,,
S001112308,SE-24-1088_P01_d2,B11,T:C,1.06216,0.95374,snpSB00805,LB_0824_082_d2,,,F44,,,?,,,,
S001112308,SE-24-1088_P01_d2,C11,T:T,0.48988,1.32938,snpSB00805,LB_0824_083_d2,,,J44,,,?,,,,
S001112308,SE-24-1088_P01_d2,D11,T:T,0.51421,1.32997,snpSB00805,LB_0824_084_d2,,,N44,,,T:T,,,,
S001112308,SE-24-1088_P01_d2,E11,C:C,2.13192,0.45143,snpSB00805,LB_0824_085_d2,,,R44,,,C:C,,,,
S001112308,SE-24-1088_P01_d2,F11,?,0.52766,0.29266,snpSB00805,LB_0824_086_d2,,,V44,,,?,,,,
S001112308,SE-24-1088_P01_d2,G11,?,0.54632,0.28906,snpSB00805,LB_0824_087_d2,,,Z44,,,?,,,,
S001112308,SE-24-1088_P01_d2,H11,NTC,0.51273,0.28358,snpSB00805,BLANK_d2,,,AD44,,,NTC,,,,
S001112308,SE-24-1088_P01_d2,A12,T:C,1.21448,0.96754,snpSB00805,LB_0824_088_d2,,,B48,,,?,,,,
S001112308,SE-24-1088_P01_d2,B12,T:T,0.45838,1.44646,snpSB00805,LB_0824_089_d2,,,F48,,,?,,,,
S001112308,SE-24-1088_P01_d2,C12,C:C,2.28665,0.45949,snpSB00805,LB_0824_090_d2,,,J48,,,?,,,,
S001112308,SE-24-1088_P01_d2,D12,C:C,2.09342,0.42319,snpSB00805,LB_0824_091_d2,,,N48,,,?,,,,
S001112308,SE-24-1088_P01_d2,E12,T:T,0.49795,1.12948,snpSB00805,LB_0824_092_d2,,,R48,,,?,,,,
S001112308,SE-24-1088_P01_d2,F12,C:C,1.99358,0.46606,snpSB00805,LB_0824_093_d2,,,V48,,,T:T,,,,
S001112308,SE-24-1088_P01_d2,G12,C:C,1.98362,0.41945,snpSB00805,LB_0824_094_d2,,,Z48,,,?,,,,
S001112308,SE-24-1088_P01_d2,H12,NTC,0.55826,0.2986,snpSB00805,BLANK_d2,,,AD48,,,NTC,,,,